358,阿巴嘎旗,136.12,64.12,不规则区域,断层,白垩纪,逆冲断层发育，断层带内构造角砾岩发育,阿巴嘎旗地区发育白垩纪逆冲断层，断层带内构造角砾岩发育，断层两侧地层有明显挤压变形，对区域构造运动有重要指示意义。,1
174,阿尔卑斯山冰川,10,45,线状,冰川,新生代,冰川发育良好，冰川地貌丰富,阿尔卑斯山冰川是新生代冰川，发育良好，冰川地貌丰富，是研究冰川作用的重要地区。,1
436,阿尔卑斯山冰川,10,45,线状,冰川,新生代,冰川发育良好，冰川地貌丰富,阿尔卑斯山冰川是新生代冰川，发育良好，冰川地貌丰富，是研究冰川作用的重要地区。,1
127,阿尔卑斯山冰川遗迹,10,45,面状,冰川遗迹,新生代,冰川遗迹发育良好，冰川地貌丰富,阿尔卑斯山冰川遗迹是新生代冰川遗迹，发育良好，冰川地貌丰富，是研究冰川作用的重要地区。,1
37,阿尔卑斯山脉,10.5,45,线状,山脉,新生代,山脉由花岗岩和变质岩组成，山体陡峭,阿尔卑斯山脉是新生代山脉，由花岗岩和变质岩组成，山体陡峭，是研究区域构造演化的重要地区。,1
488,美国天坑,117,37,坑状,天坑,新生代,天坑发育良好，坑壁陡峭,阿尔卑斯褶皱带是欧洲南部的重要构造带，由非洲板块与欧亚板块碰撞形成，褶皱和断层构造发育。,0
4,阿尔卑斯褶皱带,10.5,45,带状,褶皱,新生代,复式褶皱与逆冲断层发育，地层变形复杂,阿尔卑斯褶皱带是欧洲南部的重要构造带，由非洲板块与欧亚板块碰撞形成，褶皱和断层构造发育。,1
382,阿尔哈沙特,160.12,76.12,不规则区域,断层,白垩纪,逆冲断层发育，断层带内构造角砾岩发育,阿尔哈沙特地区发育白垩纪逆冲断层，断层带内构造角砾岩发育，断层两侧地层有明显挤压变形，对区域构造运动有重要指示意义。,1
33,阿尔泰山脉,88,47,线状,山脉,新生代,山脉由花岗岩和变质岩组成，山体陡峭,阿尔哈沙特地区发育白垩纪逆冲断层，断层带内构造角砾岩发育，断层两侧地层有明显挤压变形，对区域构造运动有重要指示意义。,0
114,华北平原土质层,116,39,面状,土质,新生代,土质层发育良好，土壤肥沃,阿尔金断裂带是中国西北地区的重要构造带，由多条逆冲断层组成，对区域构造演化有重要意义。,0
400,阿尔金断裂带,95,39,线状,断裂带,新生代,逆冲断层发育，断层带内构造角砾岩丰富,阿尔金断裂带是中国西北地区的重要构造带，由多条逆冲断层组成，对区域构造演化有重要意义。,1
355,阿尔山宝力格,133.12,62.78,不规则区域,岩体,白垩纪,花岗岩岩体，岩体呈穹状产出,阿尔山宝力格地区发育白垩纪花岗岩岩体，岩体呈穹状产出，内部结构复杂，可见多期岩浆侵入的证据。,1
341,阿尔山公社,119.23,55.78,不规则区域,岩层,二叠纪,海相沉积岩层，岩性以灰岩和泥灰岩为主,阿尔山公社地区发育二叠纪海相沉积岩层，岩性以灰岩和泥灰岩为主，局部可见珊瑚礁遗迹，是研究古海洋环境的重要地区。,1
429,江西铅锌矿床,114,28,块状,金属矿床,中生代,铅锌矿床，矿石以方铅矿和闪锌矿为主,阿尔山公社地区发育二叠纪海相沉积岩层，岩性以灰岩和泥灰岩为主，局部可见珊瑚礁遗迹，是研究古海洋环境的重要地区。,0
479,桂林天坑,110,25,坑状,天坑,新生代,天坑发育良好，坑壁陡峭,阿尔山公社地区发育二叠纪海相沉积岩层，岩性以灰岩和泥灰岩为主，局部可见珊瑚礁遗迹，是研究古海洋环境的重要地区。,0
432,阿尔泰山冰川,88,47,线状,冰川,新生代,冰川发育良好，冰川地貌丰富,阿尔泰山冰川是新生代冰川，发育良好，冰川地貌丰富，是研究冰川作用的重要地区。,1
374,满洲里,152.23,72.12,不规则区域,断层,白垩纪,逆冲断层发育，断层带内构造角砾岩发育,阿尔泰山断裂带是中亚地区的重要构造带，由多条逆冲断层组成，对区域构造演化有重要意义。,0
345,贺斯格乌拉牧场,123.56,57.78,不规则区域,岩层,二叠纪,海相沉积岩层，岩性以灰岩和泥灰岩为主,阿尔泰山断裂带是中亚地区的重要构造带，由多条逆冲断层组成，对区域构造演化有重要意义。,0
220,路井,115.89,37.45,不规则区域,岩层,二叠纪,海相沉积岩层，岩性以灰岩和泥灰岩为主,阿尔泰山断裂带是中亚地区的重要构造带，由多条逆冲断层组成，对区域构造演化有重要意义。,0
57,克拉卡托火山,105,-6,锥状,火山,新生代,火山口保存完整，周围发育熔岩流,阿尔泰山断裂带是中亚地区的重要构造带，由多条逆冲断层组成，对区域构造演化有重要意义。,0
408,阿尔泰山断裂带,88,47,线状,断裂带,新生代,逆冲断层发育，断层带内构造角砾岩丰富,阿尔泰山断裂带是中亚地区的重要构造带，由多条逆冲断层组成，对区域构造演化有重要意义。,1
311,平遥,112.12,37.98,不规则区域,岩体,白垩纪,花岗岩岩体，岩体呈穹状产出,阿尔泰山脉是新生代山脉，由花岗岩和变质岩组成，山体陡峭，是研究区域构造演化的重要地区。,0
33,阿尔泰山脉,88,47,线状,山脉,新生代,山脉由花岗岩和变质岩组成，山体陡峭,阿尔泰山脉是新生代山脉，由花岗岩和变质岩组成，山体陡峭，是研究区域构造演化的重要地区。,1
198,阿根廷巴塔哥尼亚化石群,70,-45,层状,化石层,白垩纪,化石层发育良好，保存大量古生物化石,阿根廷巴塔哥尼亚化石群是白垩纪化石层，发育良好，保存大量古生物化石，是研究生命演化的重要地区。,1
341,阿尔山公社,119.23,55.78,不规则区域,岩层,二叠纪,海相沉积岩层，岩性以灰岩和泥灰岩为主,阿拉格地区发育二叠纪褶皱构造，地层倾角变化明显，褶皱核部可见多期变形叠加，是研究区域构造演化的重要地区。,0
336,阿拉格,114.56,53.12,不规则区域,褶皱,二叠纪,发育多组褶皱构造，地层倾角变化大,阿拉格地区发育二叠纪褶皱构造，地层倾角变化明显，褶皱核部可见多期变形叠加，是研究区域构造演化的重要地区。,1
180,阿拉斯加冰川,148,60,线状,冰川,新生代,冰川发育良好，冰川地貌丰富,阿拉斯加冰川是新生代冰川，发育良好，冰川地貌丰富，是研究冰川作用的重要地区。,1
163,意大利埃特纳熔岩流,15,37,线状,熔岩流,新生代,熔岩流发育良好，流纹清晰,阿拉斯加冰川是新生代冰川，发育良好，冰川地貌丰富，是研究冰川作用的重要地区。,0
240,阿拉坦敖包,130.12,55.78,不规则区域,岩体,白垩纪,花岗岩岩体，岩体呈穹状产出,阿拉坦敖包地区发育白垩纪花岗岩岩体，岩体呈穹状产出，内部结构复杂，可见多期岩浆侵入的证据。,1
229,阿论功,119.98,44.12,不规则区域,岩层,二叠纪,海相沉积岩层，岩性以灰岩和泥灰岩为主,阿论功地区发育二叠纪海相沉积岩层，岩性以灰岩和泥灰岩为主，局部可见珊瑚礁遗迹，是研究古海洋环境的重要地区。,1
202,波阳,116.83,28.73,线状,断层,三叠纪,高角度正断层，断层带内发育构造角砾岩,阿论功地区发育二叠纪海相沉积岩层，岩性以灰岩和泥灰岩为主，局部可见珊瑚礁遗迹，是研究古海洋环境的重要地区。,0
173,喜马拉雅山冰川,87,28,线状,冰川,新生代,冰川发育良好，冰川地貌丰富,阿论功地区发育二叠纪海相沉积岩层，岩性以灰岩和泥灰岩为主，局部可见珊瑚礁遗迹，是研究古海洋环境的重要地区。,0
383,新巴尔虎右旗,161.23,76.78,不规则区域,岩体,白垩纪,花岗岩岩体，岩体呈穹状产出,阿奇山地区发育白垩纪花岗岩岩体，岩体呈穹状产出，内部结构复杂，可见多期岩浆侵入的证据。,0
323,阿奇山,101.56,46.78,不规则区域,岩体,白垩纪,花岗岩岩体，岩体呈穹状产出,阿奇山地区发育白垩纪花岗岩岩体，岩体呈穹状产出，内部结构复杂，可见多期岩浆侵入的证据。,1
59,阿苏山火山,131,32,锥状,火山,新生代,火山口保存完整，周围发育熔岩流,阿苏山火山是新生代火山，火山口保存完整，周围发育熔岩流，是研究火山活动的重要地区。,1
420,大冶铜矿床,114,30,块状,金属矿床,古生代,铜矿床，矿石以黄铜矿为主,阿苏山火山是新生代火山，火山口保存完整，周围发育熔岩流，是研究火山活动的重要地区。,0
405,横断山脉断裂带,102,28,线状,断裂带,新生代,逆冲断层发育，断层带内构造角砾岩丰富,阿苏山火山是新生代火山，火山口保存完整，周围发育熔岩流，是研究火山活动的重要地区。,0
458,阿苏天池火山,131,32,锥状,火山,新生代,火山口保存完整，周围发育熔岩流,阿苏天池火山是新生代火山，火山口保存完整，周围发育熔岩流，是研究火山活动的重要地区。,1
56,埃特纳火山,15,37,盾状,火山,新生代,火山口保存完整，周围发育熔岩流,埃特纳火山是新生代火山，火山口保存完整，周围发育熔岩流，是研究火山活动的重要地区。,1
339,罕达盖牧场,117.45,54.78,不规则区域,岩体,白垩纪,花岗岩岩体，岩体呈穹状产出,埃特纳天池火山是新生代火山，火山口保存完整，周围发育熔岩流，是研究火山活动的重要地区。,0
455,埃特纳天池火山,15,37,盾状,火山,新生代,火山口保存完整，周围发育熔岩流,埃特纳天池火山是新生代火山，火山口保存完整，周围发育熔岩流，是研究火山活动的重要地区。,1
223,安北,113.56,42.12,线状,断层,三叠纪,高角度正断层，断层带内发育构造角砾岩,安北地区发育高角度正断层，断层带内构造角砾岩发育，断层两侧地层有明显错动，对区域构造运动有重要指示意义。,1
100,新西兰鲁阿佩胡火山口,175,-39,坑状,火山口,新生代,火山口保存完整，周围发育熔岩流,安第斯山冰川是新生代冰川，发育良好，冰川地貌丰富，是研究冰川作用的重要地区。,0
176,安第斯山冰川,70,-25,线状,冰川,新生代,冰川发育良好，冰川地貌丰富,安第斯山冰川是新生代冰川，发育良好，冰川地貌丰富，是研究冰川作用的重要地区。,1
434,安第斯山冰川,70,-25,线状,冰川,新生代,冰川发育良好，冰川地貌丰富,安第斯山冰川是新生代冰川，发育良好，冰川地貌丰富，是研究冰川作用的重要地区。,1
370,前好立保,148.12,70.12,不规则区域,断层,白垩纪,高角度正断层，断层带内发育构造角砾岩,安第斯山冰川遗迹是新生代冰川遗迹，发育良好，冰川地貌丰富，是研究冰川作用的重要地区。,0
237,临河县,127.56,52.12,不规则区域,岩层,二叠纪,海相沉积岩层，岩性以灰岩和泥灰岩为主,安第斯山冰川遗迹是新生代冰川遗迹，发育良好，冰川地貌丰富，是研究冰川作用的重要地区。,0
236,三道桥,126.34,51.78,不规则区域,盆地,白垩纪,盆地沉积物丰富，岩性以砂岩和泥岩为主,安第斯山冰川遗迹是新生代冰川遗迹，发育良好，冰川地貌丰富，是研究冰川作用的重要地区。,0
151,美国大峡谷,112,36,峡谷状,峡谷,新生代,峡谷深切，发育多级阶地,安第斯山冰川遗迹是新生代冰川遗迹，发育良好，冰川地貌丰富，是研究冰川作用的重要地区。,0
73,广西岩溶塌陷,108,23,面状,地面塌陷,新生代,塌陷坑发育良好，地下水活动强烈,安第斯山冰川遗迹是新生代冰川遗迹，发育良好，冰川地貌丰富，是研究冰川作用的重要地区。,0
130,安第斯山冰川遗迹,70,-25,面状,冰川遗迹,新生代,冰川遗迹发育良好，冰川地貌丰富,安第斯山冰川遗迹是新生代冰川遗迹，发育良好，冰川地貌丰富，是研究冰川作用的重要地区。,1
5,安第斯山脉断裂带,70,-25,线状,断裂带,新生代,逆冲断层与褶皱构造发育，地层变形强烈,安第斯山脉断裂带是南美洲西部的重要构造带，由纳斯卡板块与南美板块碰撞形成，构造活动强烈。,1
321,烟墩,99.12,45.78,不规则区域,岩层,二叠纪,海相沉积岩层，岩性以灰岩和泥灰岩为主,安第斯山脉是新生代山脉，由花岗岩和变质岩组成，山体陡峭，是研究区域构造演化的重要地区。,0
35,安第斯山脉,70,-25,线状,山脉,新生代,山脉由花岗岩和变质岩组成，山体陡峭,安第斯山脉是新生代山脉，由花岗岩和变质岩组成，山体陡峭，是研究区域构造演化的重要地区。,1
298,静乐,136.45,49.12,不规则区域,岩层,二叠纪,海相沉积岩层，岩性以灰岩和泥灰岩为主,安西县地区发育白垩纪逆冲断层，断层带内构造角砾岩发育，断层两侧地层有明显挤压变形，对区域构造运动有重要指示意义。,0
495,菲律宾熔岩流,120,14,线状,熔岩流,新生代,熔岩流发育良好，流纹清晰,安西县地区发育白垩纪逆冲断层，断层带内构造角砾岩发育，断层两侧地层有明显挤压变形，对区域构造运动有重要指示意义。,0
334,安西县,112.12,52.12,不规则区域,断层,白垩纪,逆冲断层发育，断层带内构造角砾岩发育,安西县地区发育白垩纪逆冲断层，断层带内构造角砾岩发育，断层两侧地层有明显挤压变形，对区域构造运动有重要指示意义。,1
22,鞍山铁矿床,122,41,块状,金属矿床,古生代,铁矿床，矿石以磁铁矿为主,鞍山铁矿床是古生代铁矿床，矿石以磁铁矿为主，是中国重要的铁矿资源地。,1
325,喀拉塔格,103.23,47.78,不规则区域,岩层,二叠纪,海相沉积岩层，岩性以灰岩和泥灰岩为主,鞍山铁矿床是古生代铁矿床，矿石以磁铁矿为主，是中国重要的铁矿资源地。,0
108,天山冲积扇,84,43,扇状,冲积扇,新生代,冲积扇沉积物丰富，岩性以砾石和砂土为主,鞍山铁矿床是古生代铁矿床，矿石以磁铁矿为主，是中国重要的铁矿资源地。,0
421,鞍山铜矿床,122,41,块状,金属矿床,古生代,铜矿床，矿石以黄铜矿为主,鞍山铜矿床是古生代铜矿床，矿石以黄铜矿为主，是中国重要的铜矿资源地。,1
273,碧口,111.23,36.78,不规则区域,岩体,白垩纪,花岗岩岩体，岩体呈穹状产出,鞍山铜矿床是古生代铜矿床，矿石以黄铜矿为主，是中国重要的铜矿资源地。,0
316,伊吾,94.12,43.23,不规则区域,褶皱,二叠纪,发育多组褶皱构造，地层倾角变化大,鞍山铜矿床是古生代铜矿床，矿石以黄铜矿为主，是中国重要的铜矿资源地。,0
195,澳大利亚埃迪卡拉化石群,136,-32,层状,化石层,寒武纪,化石层发育良好，保存大量古生物化石,澳大利亚埃迪卡拉化石群是寒武纪化石层，发育良好，保存大量古生物化石，是研究生命演化的重要地区。,1
473,汶川泥石流,103,31,线状,泥石流,新生代,泥石流发育频繁，沟谷堆积物丰富,澳大利亚埃迪卡拉化石群是寒武纪化石层，发育良好，保存大量古生物化石，是研究生命演化的重要地区。,0
152,澳大利亚大堡礁,148,-18,线状,海滩,新生代,海滩发育良好，珊瑚礁丰富,澳大利亚大堡礁是新生代海滩，发育良好，珊瑚礁丰富，是研究海洋生态的重要地区。,1
408,阿尔泰山断裂带,88,47,线状,断裂带,新生代,逆冲断层发育，断层带内构造角砾岩丰富,澳大利亚大堡礁是新生代海滩，发育良好，珊瑚礁丰富，是研究海洋生态的重要地区。,0
125,澳大利亚戈斯峭壁陨石坑,130,-20,坑状,陨石坑,新生代,陨石坑保存完整，周围发育撞击构造,澳大利亚戈斯峭壁陨石坑是新生代陨石坑，保存完整，周围发育撞击构造，是研究陨石撞击的重要地区。,1
183,澳大利亚戈斯峭壁陨石坑,130,-20,坑状,陨石坑,新生代,陨石坑保存完整，周围发育撞击构造,澳大利亚戈斯峭壁陨石坑是新生代陨石坑，保存完整，周围发育撞击构造，是研究陨石撞击的重要地区。,1
474,唐山泥石流,118,39,线状,泥石流,新生代,泥石流发育频繁，沟谷堆积物丰富,澳大利亚戈斯峭壁陨石坑是新生代陨石坑，保存完整，周围发育撞击构造，是研究陨石撞击的重要地区。,0
133,四川自贡恐龙化石层,104,29,层状,化石层,侏罗纪,化石层发育良好，保存大量恐龙化石,澳大利亚戈斯峭壁陨石坑是新生代陨石坑，保存完整，周围发育撞击构造，是研究陨石撞击的重要地区。,0
32,天山山脉,84,43,线状,山脉,新生代,山脉由花岗岩和变质岩组成，山体陡峭,澳大利亚戈斯峭壁陨石坑是新生代陨石坑，保存完整，周围发育撞击构造，是研究陨石撞击的重要地区。,0
390,上护林,168.45,80.12,不规则区域,断层,白垩纪,逆冲断层发育，断层带内构造角砾岩发育,澳大利亚昆士兰化石层是白垩纪化石层，发育良好，保存大量古生物化石，是研究生命演化的重要地区。,0
137,澳大利亚昆士兰化石层,149,-18,层状,化石层,白垩纪,化石层发育良好，保存大量古生物化石,澳大利亚昆士兰化石层是白垩纪化石层，发育良好，保存大量古生物化石，是研究生命演化的重要地区。,1
1,龙门山断裂带,103.5,31,线状,断裂带,新生代,逆冲断层发育，断层带内构造角砾岩丰富,澳大利亚昆士兰化石层是白垩纪化石层，发育良好，保存大量古生物化石，是研究生命演化的重要地区。,0
53,维苏威火山,14,40,锥状,火山,新生代,火山口保存完整，周围发育熔岩流,澳大利亚昆士兰化石层是白垩纪化石层，发育良好，保存大量古生物化石，是研究生命演化的重要地区。,0
121,巴林杰陨石坑,112,35,坑状,陨石坑,新生代,陨石坑保存完整，周围发育撞击构造,巴林杰陨石坑是新生代陨石坑，保存完整，周围发育撞击构造，是研究陨石撞击的重要地区。,1
378,西庙,156.45,74.12,不规则区域,断层,白垩纪,高角度正断层，断层带内发育构造角砾岩,巴西桑塔纳化石群是白垩纪化石层，发育良好，保存大量古生物化石，是研究生命演化的重要地区。,0
197,巴西桑塔纳化石群,45,-8,层状,化石层,白垩纪,化石层发育良好，保存大量古生物化石,巴西桑塔纳化石群是白垩纪化石层，发育良好，保存大量古生物化石，是研究生命演化的重要地区。,1
359,巴彦宝力格,137.23,64.78,不规则区域,岩体,白垩纪,花岗岩岩体，岩体呈穹状产出,巴彦宝力格地区发育白垩纪花岗岩岩体，岩体呈穹状产出，内部结构复杂，可见多期岩浆侵入的证据。,1
342,巴彦毛都,120.56,56.12,不规则区域,断层,白垩纪,逆冲断层发育，断层带内构造角砾岩发育,巴彦毛都地区发育白垩纪逆冲断层，断层带内构造角砾岩发育，断层两侧地层有明显挤压变形，对区域构造运动有重要指示意义。,1
384,巴彦塔拉,162.45,77.12,不规则区域,褶皱,二叠纪,发育多组褶皱构造，地层倾角变化大,巴彦塔拉地区发育二叠纪褶皱构造，地层倾角变化明显，褶皱核部可见多期变形叠加，是研究区域构造演化的重要地区。,1
185,俄罗斯波皮盖陨石坑,93,63,坑状,陨石坑,古生代,陨石坑保存完整，周围发育撞击构造,巴彦塔拉地区发育二叠纪褶皱构造，地层倾角变化明显，褶皱核部可见多期变形叠加，是研究区域构造演化的重要地区。,0
130,安第斯山冰川遗迹,70,-25,面状,冰川遗迹,新生代,冰川遗迹发育良好，冰川地貌丰富,巴彦塔拉地区发育二叠纪褶皱构造，地层倾角变化明显，褶皱核部可见多期变形叠加，是研究区域构造演化的重要地区。,0
239,库乃头喇嘛庙,129.98,54.12,不规则区域,岩层,二叠纪,海相沉积岩层，岩性以灰岩和泥灰岩为主,巴音布日德牧场地区发育高角度正断层，断层带内构造角砾岩发育，断层两侧地层有明显错动，对区域构造运动有重要指示意义。,0
287,陵川,125.78,43.78,不规则区域,褶皱,二叠纪,复式褶皱发育，褶皱核部地层变形强烈,巴音布日德牧场地区发育高角度正断层，断层带内构造角砾岩发育，断层两侧地层有明显错动，对区域构造运动有重要指示意义。,0
338,巴音布日德牧场,116.23,54.12,不规则区域,断层,白垩纪,高角度正断层，断层带内发育构造角砾岩,巴音布日德牧场地区发育高角度正断层，断层带内构造角砾岩发育，断层两侧地层有明显错动，对区域构造运动有重要指示意义。,1
225,巴音杭盖,115.98,40.12,不规则区域,岩体,白垩纪,花岗岩岩体，岩体呈穹状产出,巴音杭盖地区发育白垩纪花岗岩岩体，岩体呈穹状产出，内部结构复杂，可见多期岩浆侵入的证据。,1
302,横山,109.87,38.45,不规则区域,岩层,二叠纪,海相沉积岩层，岩性以灰岩和泥灰岩为主,巴音杭盖地区发育白垩纪花岗岩岩体，岩体呈穹状产出，内部结构复杂，可见多期岩浆侵入的证据。,0
352,巴音图嘎,130.12,61.12,不规则区域,褶皱,二叠纪,发育多组褶皱构造，地层倾角变化大,巴音图嘎地区发育二叠纪褶皱构造，地层倾角变化明显，褶皱核部可见多期变形叠加，是研究区域构造演化的重要地区。,1
402,秦岭褶皱带,109,34,带状,褶皱,新生代,发育多组复式褶皱，地层倾角变化大,巴音图嘎地区发育二叠纪褶皱构造，地层倾角变化明显，褶皱核部可见多期变形叠加，是研究区域构造演化的重要地区。,0
492,冰岛熔岩流,19,63,线状,熔岩流,新生代,熔岩流发育良好，流纹清晰,巴音图嘎地区发育二叠纪褶皱构造，地层倾角变化明显，褶皱核部可见多期变形叠加，是研究区域构造演化的重要地区。,0
396,太平沟公社,174.45,83.12,不规则区域,褶皱,二叠纪,发育多组褶皱构造，地层倾角变化大,巴音温都尔公社地区发育白垩纪花岗岩岩体，岩体呈穹状产出，内部结构复杂，可见多期岩浆侵入的证据。,0
230,巴音温都尔公社,120.12,45.78,不规则区域,岩体,白垩纪,花岗岩岩体，岩体呈穹状产出,巴音温都尔公社地区发育白垩纪花岗岩岩体，岩体呈穹状产出，内部结构复杂，可见多期岩浆侵入的证据。,1
87,斯洛文尼亚波斯托伊纳溶洞,14,45,洞穴状,溶洞,新生代,溶洞发育良好，钟乳石和石笋丰富,巴音温都尔公社地区发育白垩纪花岗岩岩体，岩体呈穹状产出，内部结构复杂，可见多期岩浆侵入的证据。,0
394,白桦林场,172.12,82.12,不规则区域,断层,白垩纪,高角度正断层，断层带内发育构造角砾岩,白桦林场地区发育高角度正断层，断层带内构造角砾岩发育，断层两侧地层有明显错动，对区域构造运动有重要指示意义。,1
18,华山花岗岩体,110,34,块状,岩体,中生代,花岗岩岩体，岩体呈穹状产出,白桦林场地区发育高角度正断层，断层带内构造角砾岩发育，断层两侧地层有明显错动，对区域构造运动有重要指示意义。,0
362,白塔子庙,140.23,66.12,不规则区域,断层,白垩纪,高角度正断层，断层带内发育构造角砾岩,白塔子庙地区发育高角度正断层，断层带内构造角砾岩发育，断层两侧地层有明显错动，对区域构造运动有重要指示意义。,1
349,宝力格,127.12,59.78,不规则区域,岩层,二叠纪,海相沉积岩层，岩性以灰岩和泥灰岩为主,宝力格地区发育二叠纪海相沉积岩层，岩性以灰岩和泥灰岩为主，局部可见珊瑚礁遗迹，是研究古海洋环境的重要地区。,1
285,侯马,123.23,42.78,不规则区域,断层,白垩纪,高角度正断层，断层带内发育构造角砾岩,宝力格地区发育二叠纪海相沉积岩层，岩性以灰岩和泥灰岩为主，局部可见珊瑚礁遗迹，是研究古海洋环境的重要地区。,0
395,北沟,173.23,82.78,不规则区域,岩体,白垩纪,花岗岩岩体，岩体呈穹状产出,北沟地区发育白垩纪花岗岩岩体，岩体呈穹状产出，内部结构复杂，可见多期岩浆侵入的证据。,1
291,神木,129.78,45.78,不规则区域,岩体,白垩纪,花岗岩岩体，岩体呈穹状产出,北沟地区发育白垩纪花岗岩岩体，岩体呈穹状产出，内部结构复杂，可见多期岩浆侵入的证据。,0
155,北美尼亚加拉瀑布,79,43,线状,瀑布,新生代,瀑布落差大，水流湍急,北美尼亚加拉瀑布是新生代瀑布，落差大，水流湍急，是研究河流地貌演化的重要地区。,1
160,北美五大湖区,80,45,湖群状,湖群,新生代,湖群发育良好，水质良好,北美五大湖区是新生代湖群，发育良好，水质良好，是研究湖泊生态的重要地区。,1
337,贝尔湖,115.12,53.78,不规则区域,岩层,二叠纪,海相沉积岩层，岩性以灰岩和泥灰岩为主,贝尔湖地区发育二叠纪海相沉积岩层，岩性以灰岩和泥灰岩为主，局部可见珊瑚礁遗迹，是研究古海洋环境的重要地区。,1
21,大冶铁矿床,114,30,块状,金属矿床,古生代,铁矿床，矿石以磁铁矿为主,贝尔湖地区发育二叠纪海相沉积岩层，岩性以灰岩和泥灰岩为主，局部可见珊瑚礁遗迹，是研究古海洋环境的重要地区。,0
371,贝尔卡,149.23,70.78,不规则区域,岩体,白垩纪,花岗岩岩体，岩体呈穹状产出,贝尔卡地区发育白垩纪花岗岩岩体，岩体呈穹状产出，内部结构复杂，可见多期岩浆侵入的证据。,1
162,冰岛埃亚菲亚德拉熔岩流,19,63,线状,熔岩流,新生代,熔岩流发育良好，流纹清晰,贝尔卡地区发育白垩纪花岗岩岩体，岩体呈穹状产出，内部结构复杂，可见多期岩浆侵入的证据。,0
142,贝加尔湖裂谷,108,53,线状,裂谷,新生代,裂谷发育良好，湖水富含矿物质,贝加尔湖裂谷是新生代裂谷，发育良好，湖水富含矿物质，是研究裂谷演化的重要地区。,1
96,印度尼西亚克拉卡托火山口,105,-6,坑状,火山口,新生代,火山口保存完整，周围发育熔岩流,贝加尔湖裂谷是新生代裂谷，发育良好，湖水富含矿物质，是研究裂谷演化的重要地区。,0
446,澜沧江上游河谷,99,26,线状,河谷,新生代,河谷深切，发育多级阶地,贝加尔湖裂谷是新生代裂谷，发育良好，湖水富含矿物质，是研究裂谷演化的重要地区。,0
407,天山断裂带,84,43,线状,断裂带,新生代,逆冲断层发育，断层带内构造角砾岩丰富,贝加尔湖裂谷是新生代裂谷，发育良好，湖水富含矿物质，是研究裂谷演化的重要地区。,0
127,阿尔卑斯山冰川遗迹,10,45,面状,冰川遗迹,新生代,冰川遗迹发育良好，冰川地貌丰富,贝加尔湖裂谷是新生代裂谷，发育良好，湖水富含矿物质，是研究裂谷演化的重要地区。,0
193,德国索伦霍芬石灰岩,10,48,层状,化石层,侏罗纪,化石层发育良好，保存大量古生物化石,贝加尔湖裂谷是新生代裂谷，发育良好，湖水富含矿物质，是研究裂谷演化的重要地区。,0
273,碧口,111.23,36.78,不规则区域,岩体,白垩纪,花岗岩岩体，岩体呈穹状产出,碧口地区发育白垩纪花岗岩岩体，岩体呈穹状产出，内部结构复杂，可见多期岩浆侵入的证据。,1
288,彬县,126.12,44.12,不规则区域,岩脉,三叠纪,辉绿岩岩脉，岩脉呈脉状产出,彬县地区发育三叠纪辉绿岩岩脉，岩脉呈脉状产出，与围岩接触带可见热变质现象，对区域岩浆活动有重要指示意义。,1
132,贵州关岭化石层,106,26,层状,化石层,三叠纪,化石层发育良好，保存大量古生物化石,彬县地区发育三叠纪辉绿岩岩脉，岩脉呈脉状产出，与围岩接触带可见热变质现象，对区域岩浆活动有重要指示意义。,0
94,冰岛埃亚菲亚德拉火山口,19,63,坑状,火山口,新生代,火山口保存完整，周围发育熔岩流,冰岛埃亚菲亚德拉火山口是新生代火山口，保存完整，周围发育熔岩流，是研究火山活动的重要地区。,1
326,图兹雷克,104.56,48.12,不规则区域,断层,白垩纪,逆冲断层发育，断层带内构造角砾岩发育,冰岛埃亚菲亚德拉熔岩流是新生代熔岩流，发育良好，流纹清晰，是研究火山活动的重要地区。,0
162,冰岛埃亚菲亚德拉熔岩流,19,63,线状,熔岩流,新生代,熔岩流发育良好，流纹清晰,冰岛埃亚菲亚德拉熔岩流是新生代熔岩流，发育良好，流纹清晰，是研究火山活动的重要地区。,1
178,冰岛冰川,20,65,线状,冰川,新生代,冰川发育良好，冰川地貌丰富,冰岛冰川是新生代冰川，发育良好，冰川地貌丰富，是研究冰川作用的重要地区。,1
247,临海,121.12,28.78,不规则区域,断层,三叠纪,高角度正断层，断层带内发育构造角砾岩,冰岛大西洋中脊是新生代中脊，发育良好，火山活动频繁，是研究板块构造的重要地区。,0
336,阿拉格,114.56,53.12,不规则区域,褶皱,二叠纪,发育多组褶皱构造，地层倾角变化大,冰岛大西洋中脊是新生代中脊，发育良好，火山活动频繁，是研究板块构造的重要地区。,0
188,印度洛纳尔陨石坑,75,19,坑状,陨石坑,新生代,陨石坑保存完整，周围发育撞击构造,冰岛大西洋中脊是新生代中脊，发育良好，火山活动频繁，是研究板块构造的重要地区。,0
145,冰岛大西洋中脊,20,65,线状,中脊,新生代,中脊发育良好，火山活动频繁,冰岛大西洋中脊是新生代中脊，发育良好，火山活动频繁，是研究板块构造的重要地区。,1
411,松辽盆地泥岩层,125,45,面状,岩层,中生代,海相沉积岩层，岩性以泥岩为主,冰岛蓝湖地下水体是新生代地下水体，丰富且水质良好，是研究地下水循环的重要地区。,0
468,冰岛蓝湖地下水体,22,64,点状,地下水体,新生代,地下水体丰富，水质良好,冰岛蓝湖地下水体是新生代地下水体，丰富且水质良好，是研究地下水循环的重要地区。,1
69,冰岛蓝湖温泉,22,64,点状,泉,新生代,泉水富含矿物质，泉眼发育良好,冰岛蓝湖温泉是新生代温泉，泉水富含矿物质，泉眼发育良好，是研究地下水循环的重要地区。,1
228,扎敏敖包,118.78,43.56,不规则区域,岩体,白垩纪,花岗岩岩体，岩体呈穹状产出,冰岛熔岩流是新生代熔岩流，发育良好，流纹清晰，是研究火山活动的重要地区。,0
35,安第斯山脉,70,-25,线状,山脉,新生代,山脉由花岗岩和变质岩组成，山体陡峭,冰岛熔岩流是新生代熔岩流，发育良好，流纹清晰，是研究火山活动的重要地区。,0
492,冰岛熔岩流,19,63,线状,熔岩流,新生代,熔岩流发育良好，流纹清晰,冰岛熔岩流是新生代熔岩流，发育良好，流纹清晰，是研究火山活动的重要地区。,1
393,腰小河林场,171.45,81.78,不规则区域,岩层,二叠纪,海相沉积岩层，岩性以灰岩和泥灰岩为主,波阳地区发育高角度正断层，断层带内构造角砾岩发育，断层两侧地层有明显错动，对区域构造运动有重要指示意义。,0
202,波阳,116.83,28.73,线状,断层,三叠纪,高角度正断层，断层带内发育构造角砾岩,波阳地区发育高角度正断层，断层带内构造角砾岩发育，断层两侧地层有明显错动，对区域构造运动有重要指示意义。,1
347,布林郭勒,125.23,58.78,不规则区域,岩体,白垩纪,花岗岩岩体，岩体呈穹状产出,布林郭勒地区发育白垩纪花岗岩岩体，岩体呈穹状产出，内部结构复杂，可见多期岩浆侵入的证据。,1
74,汶川地震断裂带,103,31,线状,地震断裂,新生代,断裂带发育良好，地震活动频繁,布林郭勒地区发育白垩纪花岗岩岩体，岩体呈穹状产出，内部结构复杂，可见多期岩浆侵入的证据。,0
376,头站旅店,154.12,73.12,不规则区域,褶皱,二叠纪,发育多组褶皱构造，地层倾角变化大,成县地区发育高角度正断层，断层带内构造角砾岩发育，断层两侧地层有明显错动，对区域构造运动有重要指示意义。,0
267,成县,105.98,33.78,不规则区域,断层,白垩纪,高角度正断层，断层带内发育构造角砾岩,成县地区发育高角度正断层，断层带内构造角砾岩发育，断层两侧地层有明显错动，对区域构造运动有重要指示意义。,1
297,佳县,135.23,48.78,不规则区域,岩脉,三叠纪,辉绿岩岩脉，岩脉呈脉状产出,赤布张错地区发育白垩纪花岗岩岩体，岩体呈穹状产出，内部结构复杂，可见多期岩浆侵入的证据。,0
260,赤布张错,101.23,30.98,不规则区域,岩体,白垩纪,花岗岩岩体，岩体呈穹状产出,赤布张错地区发育白垩纪花岗岩岩体，岩体呈穹状产出，内部结构复杂，可见多期岩浆侵入的证据。,1
380,嵯岗镇,158.23,75.12,不规则区域,褶皱,二叠纪,发育多组褶皱构造，地层倾角变化大,嵯岗镇地区发育二叠纪褶皱构造，地层倾角变化明显，褶皱核部可见多期变形叠加，是研究区域构造演化的重要地区。,1
432,阿尔泰山冰川,88,47,线状,冰川,新生代,冰川发育良好，冰川地貌丰富,嵯岗镇地区发育二叠纪褶皱构造，地层倾角变化明显，褶皱核部可见多期变形叠加，是研究区域构造演化的重要地区。,0
255,错坎巴昂日东,96.45,32.56,不规则区域,岩体,白垩纪,花岗岩岩体，岩体呈穹状产出,错坎巴昂日东地区发育白垩纪花岗岩岩体，岩体呈穹状产出，内部结构复杂，可见多期岩浆侵入的证据。,1
253,错仁德加,94.78,33.98,不规则区域,褶皱,三叠纪,发育多组褶皱构造，地层倾角变化大,错仁德加地区发育三叠纪褶皱构造，地层倾角变化明显，褶皱核部可见多期变形叠加，是研究区域构造演化的重要地区。,1
136,加拿大阿尔伯塔化石层,114,54,层状,化石层,白垩纪,化石层发育良好，保存大量古生物化石,大草滩地区发育白垩纪花岗岩岩体，岩体呈穹状产出，内部结构复杂，可见多期岩浆侵入的证据。,0
319,大草滩,97.23,44.56,不规则区域,岩体,白垩纪,花岗岩岩体，岩体呈穹状产出,大草滩地区发育白垩纪花岗岩岩体，岩体呈穹状产出，内部结构复杂，可见多期岩浆侵入的证据。,1
364,大黑沟,142.12,67.12,不规则区域,褶皱,二叠纪,发育多组褶皱构造，地层倾角变化大,大黑沟地区发育二叠纪褶皱构造，地层倾角变化明显，褶皱核部可见多期变形叠加，是研究区域构造演化的重要地区。,1
240,阿拉坦敖包,130.12,55.78,不规则区域,岩体,白垩纪,花岗岩岩体，岩体呈穹状产出,大黑沟地区发育二叠纪褶皱构造，地层倾角变化明显，褶皱核部可见多期变形叠加，是研究区域构造演化的重要地区。,0
308,子长,110.56,37.12,不规则区域,褶皱,二叠纪,发育多组褶皱构造，地层倾角变化大,大黑沟地区发育二叠纪褶皱构造，地层倾角变化明显，褶皱核部可见多期变形叠加，是研究区域构造演化的重要地区。,0
422,攀枝花铜矿床,101,26,块状,金属矿床,古生代,铜矿床，矿石以黄铜矿为主,大黑沟地区发育二叠纪褶皱构造，地层倾角变化明显，褶皱核部可见多期变形叠加，是研究区域构造演化的重要地区。,0
153,非洲维多利亚瀑布,31,-18,线状,瀑布,新生代,瀑布落差大，水流湍急,大黑沟地区发育二叠纪褶皱构造，地层倾角变化明显，褶皱核部可见多期变形叠加，是研究区域构造演化的重要地区。,0
299,忻县,137.78,49.78,不规则区域,断层,白垩纪,逆冲断层发育，断层带内构造角砾岩发育,大南湖地区发育二叠纪褶皱构造，地层倾角变化明显，褶皱核部可见多期变形叠加，是研究区域构造演化的重要地区。,0
320,大南湖,98.45,45.12,不规则区域,褶皱,二叠纪,发育多组褶皱构造，地层倾角变化大,大南湖地区发育二叠纪褶皱构造，地层倾角变化明显，褶皱核部可见多期变形叠加，是研究区域构造演化的重要地区。,1
438,准噶尔盆地沙漠,85,45,面状,沙漠,新生代,沙漠发育良好，沙丘形态多样,大南湖地区发育二叠纪褶皱构造，地层倾角变化明显，褶皱核部可见多期变形叠加，是研究区域构造演化的重要地区。,0
38,塔里木盆地,82,40,面状,盆地,古生代,盆地沉积物丰富，岩性以砂岩和泥岩为主,大西洋海岭是新生代海岭，发育良好，火山活动频繁，是研究板块构造的重要地区。,0
149,大西洋海岭,30,0,线状,海岭,新生代,海岭发育良好，火山活动频繁,大西洋海岭是新生代海岭，发育良好，火山活动频繁，是研究板块构造的重要地区。,1
172,南极洲冰盖,0,-90,面状,冰盖,新生代,冰盖发育良好，冰川地貌丰富,大西洋海岭是新生代海岭，发育良好，火山活动频繁，是研究板块构造的重要地区。,0
404,大兴安岭断裂带,122,50,线状,断裂带,新生代,逆冲断层发育，断层带内构造角砾岩丰富,大兴安岭断裂带是中国东北地区的重要构造带，由多条逆冲断层组成，对区域构造演化有重要意义。,1
21,大冶铁矿床,114,30,块状,金属矿床,古生代,铁矿床，矿石以磁铁矿为主,大冶铁矿床是古生代铁矿床，矿石以磁铁矿为主，是中国重要的铁矿资源地。,1
331,库木库都克,109.23,50.78,不规则区域,岩体,白垩纪,花岗岩岩体，岩体呈穹状产出,大冶铁矿床是古生代铁矿床，矿石以磁铁矿为主，是中国重要的铁矿资源地。,0
489,富士山熔岩流,138,35,线状,熔岩流,新生代,熔岩流发育良好，流纹清晰,大冶铜矿床是古生代铜矿床，矿石以黄铜矿为主，是中国重要的铜矿资源地。,0
420,大冶铜矿床,114,30,块状,金属矿床,古生代,铜矿床，矿石以黄铜矿为主,大冶铜矿床是古生代铜矿床，矿石以黄铜矿为主，是中国重要的铜矿资源地。,1
189,德国里斯陨石坑,10,49,坑状,陨石坑,古生代,陨石坑保存完整，周围发育撞击构造,德国里斯陨石坑是古生代陨石坑，保存完整，周围发育撞击构造，是研究陨石撞击的重要地区。,1
138,德国索伦霍芬化石层,10,48,层状,化石层,侏罗纪,化石层发育良好，保存大量古生物化石,德国索伦霍芬化石层是侏罗纪化石层，发育良好，保存大量古生物化石，是研究生命演化的重要地区。,1
193,德国索伦霍芬石灰岩,10,48,层状,化石层,侏罗纪,化石层发育良好，保存大量古生物化石,德国索伦霍芬石灰岩是侏罗纪化石层，发育良好，保存大量古生物化石，是研究生命演化的重要地区。,1
416,泰山花岗岩脉,117,36,线状,岩脉,中生代,花岗岩岩脉，岩脉呈脉状产出,地中海火山带是新生代火山带，发育良好，火山活动频繁，是研究板块构造的重要地区。,0
147,地中海火山带,15,40,线状,火山带,新生代,火山带发育良好，火山活动频繁,地中海火山带是新生代火山带，发育良好，火山活动频繁，是研究板块构造的重要地区。,1
398,连寅,176.23,84.12,不规则区域,断层,白垩纪,逆冲断层发育，断层带内构造角砾岩发育,磴口地区发育白垩纪花岗岩岩体，岩体呈穹状产出，内部结构复杂，可见多期岩浆侵入的证据。,0
362,白塔子庙,140.23,66.12,不规则区域,断层,白垩纪,高角度正断层，断层带内发育构造角砾岩,磴口地区发育白垩纪花岗岩岩体，岩体呈穹状产出，内部结构复杂，可见多期岩浆侵入的证据。,0
242,磴口,132.56,57.78,不规则区域,岩体,白垩纪,花岗岩岩体，岩体呈穹状产出,磴口地区发育白垩纪花岗岩岩体，岩体呈穹状产出，内部结构复杂，可见多期岩浆侵入的证据。,1
222,额济纳旗,112.08,41.48,不规则区域,盆地,白垩纪,盆地沉积物丰富，岩性以砂岩和泥岩为主,东非大裂谷湖泊群是新生代湖泊群，发育良好，湖水富含矿物质，是研究裂谷演化的重要地区。,0
156,亚洲湄公河三角洲,105,10,三角洲状,三角洲,新生代,三角洲沉积物丰富，岩性以砂土和泥质为主,东非大裂谷湖泊群是新生代湖泊群，发育良好，湖水富含矿物质，是研究裂谷演化的重要地区。,0
266,武都,104.78,33.12,不规则区域,岩层,二叠纪,海相沉积岩层，岩性以灰岩和泥灰岩为主,东非大裂谷湖泊群是新生代湖泊群，发育良好，湖水富含矿物质，是研究裂谷演化的重要地区。,0
141,东非大裂谷湖泊群,37,-1,线状,湖泊群,新生代,湖泊群发育良好，湖水富含矿物质,东非大裂谷湖泊群是新生代湖泊群，发育良好，湖水富含矿物质，是研究裂谷演化的重要地区。,1
453,圣海伦斯天池火山,122,46,锥状,火山,新生代,火山口保存完整，周围发育熔岩流,东非大裂谷是地球上最大的地质裂谷带，由非洲板块的分裂形成，裂谷带内火山活动频繁。,0
7,东非大裂谷,37,-1,线状,断裂带,新生代,正断层发育，裂谷带内火山活动频繁,东非大裂谷是地球上最大的地质裂谷带，由非洲板块的分裂形成，裂谷带内火山活动频繁。,1
348,东乌珠穆沁旗,126.45,59.12,不规则区域,褶皱,二叠纪,发育多组褶皱构造，地层倾角变化大,东乌珠穆沁旗地区发育二叠纪褶皱构造，地层倾角变化明显，褶皱核部可见多期变形叠加，是研究区域构造演化的重要地区。,1
208,东乡,116.68,28.13,线状,断层,三叠纪,逆冲断层发育，断层带内构造角砾岩发育,东乡地区发育三叠纪逆冲断层，断层带内构造角砾岩发育，断层两侧地层有明显挤压变形，对区域构造运动有重要指示意义。,1
243,渡口堂,113.78,38.12,不规则区域,岩层,二叠纪,海相沉积岩层，岩性以灰岩和泥灰岩为主,渡口堂地区发育二叠纪海相沉积岩层，岩性以灰岩和泥灰岩为主，局部可见古生物化石，是研究古海洋环境的重要地区。,1
333,敦煌县,111.34,51.78,不规则区域,岩层,二叠纪,海相沉积岩层，岩性以灰岩和泥灰岩为主,敦煌县地区发育二叠纪海相沉积岩层，岩性以灰岩和泥灰岩为主，局部可见珊瑚礁遗迹，是研究古海洋环境的重要地区。,1
179,加拿大冰川,75,60,线状,冰川,新生代,冰川发育良好，冰川地貌丰富,敦煌县地区发育二叠纪海相沉积岩层，岩性以灰岩和泥灰岩为主，局部可见珊瑚礁遗迹，是研究古海洋环境的重要地区。,0
41,长江河谷,113,30,线状,河谷,新生代,河谷深切，发育多级阶地,俄罗斯波皮盖陨石坑是古生代陨石坑，保存完整，周围发育撞击构造，是研究陨石撞击的重要地区。,0
185,俄罗斯波皮盖陨石坑,93,63,坑状,陨石坑,古生代,陨石坑保存完整，周围发育撞击构造,俄罗斯波皮盖陨石坑是古生代陨石坑，保存完整，周围发育撞击构造，是研究陨石撞击的重要地区。,1
170,俄罗斯堪察加熔岩流,158,55,线状,熔岩流,新生代,熔岩流发育良好，流纹清晰,俄罗斯堪察加熔岩流是新生代熔岩流，发育良好，流纹清晰，是研究火山活动的重要地区。,1
13,塔里木盆地岩层,82,40,面状,岩层,古生代,海相沉积岩层，岩性以灰岩和泥灰岩为主,俄罗斯堪察加熔岩流是新生代熔岩流，发育良好，流纹清晰，是研究火山活动的重要地区。,0
418,峨眉山玄武岩床,102,28,面状,岩床,中生代,玄武岩岩床，岩床呈层状产出,峨眉山玄武岩床是中生代玄武岩岩床，岩床呈层状产出，是研究火山活动的重要地区。,1
19,峨眉山玄武岩脉,102,28,线状,岩脉,中生代,玄武岩岩脉，岩脉呈脉状产出,峨眉山玄武岩脉是中生代玄武岩岩脉，岩脉呈脉状产出，与围岩接触带可见热变质现象。,1
222,额济纳旗,112.08,41.48,不规则区域,盆地,白垩纪,盆地沉积物丰富，岩性以砂岩和泥岩为主,额济纳旗地区发育白垩纪盆地，盆地沉积物丰富，岩性以砂岩和泥岩为主，是研究古环境的重要地区。,1
431,天山冰川,84,43,线状,冰川,新生代,冰川发育良好，冰川地貌丰富,额济纳旗地区发育白垩纪盆地，盆地沉积物丰富，岩性以砂岩和泥岩为主，是研究古环境的重要地区。,0
344,额仁高比,122.34,57.12,不规则区域,褶皱,二叠纪,发育多组褶皱构造，地层倾角变化大,额仁高比地区发育二叠纪褶皱构造，地层倾角变化明显，褶皱核部可见多期变形叠加，是研究区域构造演化的重要地区。,1
194,中国辽宁热河生物群,121,41,层状,化石层,白垩纪,化石层发育良好，保存大量古生物化石,额仁高比地区发育二叠纪褶皱构造，地层倾角变化明显，褶皱核部可见多期变形叠加，是研究区域构造演化的重要地区。,0
14,鄂尔多斯盆地岩层,109,38,面状,岩层,中生代,海相沉积岩层，岩性以砂岩和页岩为主,鄂尔多斯盆地岩层以中生代海相沉积为主，岩性多样，是研究古环境的重要地区。,1
413,鄂尔多斯盆地页岩层,109,38,面状,岩层,中生代,海相沉积岩层，岩性以页岩为主,鄂尔多斯盆地页岩层是中生代海相沉积岩层，岩性以页岩为主，是研究古环境的重要地区。,1
284,韩城,122.12,42.12,不规则区域,岩层,二叠纪,海相沉积岩层，岩性以灰岩和泥灰岩为主,二连浩特地区发育白垩纪火山口，火山口保存完整，周围发育熔岩流，是研究火山活动的重要地区。,0
244,二连浩特,115.98,43.78,不规则区域,火山口,白垩纪,火山口保存完整，周围发育熔岩流,二连浩特地区发育白垩纪火山口，火山口保存完整，周围发育熔岩流，是研究火山活动的重要地区。,1
119,尼罗河泥质层,31,31,面状,泥质,新生代,泥质层发育良好，土壤肥沃,二连浩特地区发育白垩纪火山口，火山口保存完整，周围发育熔岩流，是研究火山活动的重要地区。,0
329,方山口,107.45,49.78,不规则区域,岩层,二叠纪,海相沉积岩层，岩性以灰岩和泥灰岩为主,方山口地区发育二叠纪海相沉积岩层，岩性以灰岩和泥灰岩为主，局部可见珊瑚礁遗迹，是研究古海洋环境的重要地区。,1
158,非洲刚果河盆地,15,-4,盆地状,盆地,新生代,盆地沉积物丰富，岩性以砂岩和页岩为主,非洲刚果河盆地是新生代盆地，沉积物丰富，岩性以砂岩和页岩为主，是研究沉积环境的重要地区。,1
203,乐平,116.98,28.63,不规则区域,岩层,白垩纪,水平岩层发育，岩性以砂岩和页岩为主,非洲维多利亚瀑布是新生代瀑布，落差大，水流湍急，是研究河流地貌演化的重要地区。,0
153,非洲维多利亚瀑布,31,-18,线状,瀑布,新生代,瀑布落差大，水流湍急,非洲维多利亚瀑布是新生代瀑布，落差大，水流湍急，是研究河流地貌演化的重要地区。,1
97,菲律宾马荣火山口,123,13,坑状,火山口,新生代,火山口保存完整，周围发育熔岩流,菲律宾马荣火山口是新生代火山口，保存完整，周围发育熔岩流，是研究火山活动的重要地区。,1
210,广丰,117.38,28.37,线状,岩脉,三叠纪,辉绿岩岩脉，岩脉呈脉状产出,菲律宾马荣火山口是新生代火山口，保存完整，周围发育熔岩流，是研究火山活动的重要地区。,0
495,菲律宾熔岩流,120,14,线状,熔岩流,新生代,熔岩流发育良好，流纹清晰,菲律宾熔岩流是新生代熔岩流，发育良好，流纹清晰，是研究火山活动的重要地区。,1
165,菲律宾塔尔熔岩流,120,14,线状,熔岩流,新生代,熔岩流发育良好，流纹清晰,菲律宾塔尔熔岩流是新生代熔岩流，发育良好，流纹清晰，是研究火山活动的重要地区。,1
310,汾阳,111.89,37.78,不规则区域,断层,白垩纪,逆冲断层发育，断层带内构造角砾岩发育,汾阳地区发育白垩纪逆冲断层，断层带内构造角砾岩发育，断层两侧地层有明显挤压变形，对区域构造运动有重要指示意义。,1
461,黄土高原地下水体,109,36,面状,地下水体,新生代,地下水体丰富，水质良好,凤县地区发育白垩纪花岗岩岩体，岩体呈穹状产出，内部结构复杂，可见多期岩浆侵入的证据。,0
268,凤县,106.56,34.12,不规则区域,岩体,白垩纪,花岗岩岩体，岩体呈穹状产出,凤县地区发育白垩纪花岗岩岩体，岩体呈穹状产出，内部结构复杂，可见多期岩浆侵入的证据。,1
255,错坎巴昂日东,96.45,32.56,不规则区域,岩体,白垩纪,花岗岩岩体，岩体呈穹状产出,凤县地区发育白垩纪花岗岩岩体，岩体呈穹状产出，内部结构复杂，可见多期岩浆侵入的证据。,0
154,南美伊瓜苏瀑布,54,-26,线状,瀑布,新生代,瀑布落差大，水流湍急,凤县地区发育白垩纪花岗岩岩体，岩体呈穹状产出，内部结构复杂，可见多期岩浆侵入的证据。,0
269,佛坪,107.12,34.78,不规则区域,褶皱,二叠纪,复式褶皱发育，褶皱核部地层变形强烈,佛坪地区发育二叠纪复式褶皱，褶皱核部地层变形强烈，褶皱形态复杂，是研究区域构造演化的重要地区。,1
445,怒江上游河谷,98,28,线状,河谷,新生代,河谷深切，发育多级阶地,佛坪地区发育二叠纪复式褶皱，褶皱核部地层变形强烈，褶皱形态复杂，是研究区域构造演化的重要地区。,0
391,富饶公社,169.12,80.78,不规则区域,岩体,白垩纪,花岗岩岩体，岩体呈穹状产出,富饶公社地区发育白垩纪花岗岩岩体，岩体呈穹状产出，内部结构复杂，可见多期岩浆侵入的证据。,1
462,华北地下水体,116,39,面状,地下水体,新生代,地下水体丰富，水质良好,富饶公社地区发育白垩纪花岗岩岩体，岩体呈穹状产出，内部结构复杂，可见多期岩浆侵入的证据。,0
91,富士山火山口,138,35,坑状,火山口,新生代,火山口保存完整，周围发育熔岩流,富士山火山口是新生代火山口，保存完整，周围发育熔岩流，是研究火山活动的重要地区。,1
231,乌拉特后旗,121.34,46.12,不规则区域,盆地,白垩纪,盆地沉积物丰富，岩性以砂岩和泥岩为主,富士山火山口是新生代火山口，保存完整，周围发育熔岩流，是研究火山活动的重要地区。,0
52,富士山火山,138,35,锥状,火山,新生代,火山口保存完整，周围发育熔岩流,富士山火山是新生代火山，火山口保存完整，周围发育熔岩流，是研究火山活动的重要地区。,1
477,意大利庞贝泥石流,14,40,线状,泥石流,新生代,泥石流发育频繁，沟谷堆积物丰富,富士山火山是新生代火山，火山口保存完整，周围发育熔岩流，是研究火山活动的重要地区。,0
489,富士山熔岩流,138,35,线状,熔岩流,新生代,熔岩流发育良好，流纹清晰,富士山熔岩流是新生代熔岩流，发育良好，流纹清晰，是研究火山活动的重要地区。,1
451,富士山天池火山,138,35,锥状,火山,新生代,火山口保存完整，周围发育熔岩流,富士山天池火山是新生代火山，火山口保存完整，周围发育熔岩流，是研究火山活动的重要地区。,1
450,长白山天池火山,126,42,锥状,火山,新生代,火山口保存完整，周围发育熔岩流,嘎顺淖尔地区发育白垩纪盆地，盆地沉积物丰富，岩性以砂岩和泥岩为主，是研究古环境的重要地区。,0
460,华北平原地下水体,116,39,面状,地下水体,新生代,地下水体丰富，水质良好,嘎顺淖尔地区发育白垩纪盆地，盆地沉积物丰富，岩性以砂岩和泥岩为主，是研究古环境的重要地区。,0
215,嘎顺淖尔,110.56,39.12,不规则区域,盆地,白垩纪,盆地沉积物丰富，岩性以砂岩和泥岩为主,嘎顺淖尔地区发育白垩纪盆地，盆地沉积物丰富，岩性以砂岩和泥岩为主，是研究古环境的重要地区。,1
254,五道梁,95.23,33.78,不规则区域,断层,白垩纪,高角度正断层，断层带内发育构造角砾岩,嘎顺淖尔地区发育白垩纪盆地，盆地沉积物丰富，岩性以砂岩和泥岩为主，是研究古环境的重要地区。,0
357,甘珠尔庙,135.45,63.78,不规则区域,岩层,二叠纪,海相沉积岩层，岩性以灰岩和泥灰岩为主,甘珠尔庙地区发育二叠纪海相沉积岩层，岩性以灰岩和泥灰岩为主，局部可见珊瑚礁遗迹，是研究古海洋环境的重要地区。,1
235,银根,125.12,50.12,不规则区域,岩体,白垩纪,花岗岩岩体，岩体呈穹状产出,甘珠尔庙地区发育二叠纪海相沉积岩层，岩性以灰岩和泥灰岩为主，局部可见珊瑚礁遗迹，是研究古海洋环境的重要地区。,0
335,沙鲁敖包,113.23,52.78,不规则区域,岩体,白垩纪,花岗岩岩体，岩体呈穹状产出,甘珠尔庙地区发育二叠纪海相沉积岩层，岩性以灰岩和泥灰岩为主，局部可见珊瑚礁遗迹，是研究古海洋环境的重要地区。,0
469,黄石公园地下水体,110,44,点状,地下水体,新生代,地下水体丰富，水质良好,甘珠尔庙地区发育二叠纪海相沉积岩层，岩性以灰岩和泥灰岩为主，局部可见珊瑚礁遗迹，是研究古海洋环境的重要地区。,0
363,协里府,141.45,66.78,不规则区域,岩体,白垩纪,花岗岩岩体，岩体呈穹状产出,高安地区发育二叠纪海相沉积岩层，岩性以灰岩和泥灰岩为主，局部可见珊瑚礁遗迹，是研究古海洋环境的重要地区。,0
207,高安,115.28,28.23,不规则区域,岩层,二叠纪,海相沉积岩层，岩性以灰岩和泥灰岩为主,高安地区发育二叠纪海相沉积岩层，岩性以灰岩和泥灰岩为主，局部可见珊瑚礁遗迹，是研究古海洋环境的重要地区。,1
58,黄石火山,110,44,盾状,火山,新生代,火山口保存完整，周围发育熔岩流,高安地区发育二叠纪海相沉积岩层，岩性以灰岩和泥灰岩为主，局部可见珊瑚礁遗迹，是研究古海洋环境的重要地区。,0
216,索果淖,111.23,38.98,不规则区域,岩层,三叠纪,海相沉积岩层，岩性以灰岩和泥灰岩为主,戈壁砾质层是新生代砾质层，发育良好，砾石成分多样，是研究地表基质的重要地区。,0
424,云南银矿床,102,25,块状,金属矿床,古生代,银矿床，矿石以石英脉型银矿为主,戈壁砾质层是新生代砾质层，发育良好，砾石成分多样，是研究地表基质的重要地区。,0
111,戈壁砾质层,100,45,面状,砾质,新生代,砾质层发育良好，砾石成分多样,戈壁砾质层是新生代砾质层，发育良好，砾石成分多样，是研究地表基质的重要地区。,1
342,巴彦毛都,120.56,56.12,不规则区域,断层,白垩纪,逆冲断层发育，断层带内构造角砾岩发育,戈壁沙漠砾质层是新生代砾质层，发育良好，砾石成分多样，是研究地表基质的重要地区。,0
171,格陵兰冰盖,45,72,面状,冰盖,新生代,冰盖发育良好，冰川地貌丰富,格陵兰冰盖是新生代冰盖，发育良好，冰川地貌丰富，是研究冰川作用的重要地区。,1
218,公婆泉,113.67,38.56,不规则区域,泉,二叠纪,泉水富含矿物质，泉眼发育良好,公婆泉地区发育二叠纪泉水，泉水富含矿物质，泉眼发育良好，是研究地下水循环的重要地区。,1
442,雅鲁藏布江上游河谷,94,29,线状,河谷,新生代,河谷深切，发育多级阶地,公婆泉地区发育二叠纪泉水，泉水富含矿物质，泉眼发育良好，是研究地下水循环的重要地区。,0
226,拐子湖,116.34,41.78,不规则区域,盆地,白垩纪,盆地沉积物丰富，岩性以砂岩和泥岩为主,拐子湖地区发育白垩纪盆地，盆地沉积物丰富，岩性以砂岩和泥岩为主，是研究古环境的重要地区。,1
410,华北平原砂岩层,116,39,面状,岩层,新生代,海相沉积岩层，岩性以砂岩为主,拐子湖地区发育白垩纪盆地，盆地沉积物丰富，岩性以砂岩和泥岩为主，是研究古环境的重要地区。,0
274,略阳,112.45,37.12,不规则区域,褶皱,二叠纪,发育多组褶皱构造，地层倾角变化大,拐子湖地区发育白垩纪盆地，盆地沉积物丰富，岩性以砂岩和泥岩为主，是研究古环境的重要地区。,0
232,拐子湖南,122.56,47.78,不规则区域,岩层,二叠纪,海相沉积岩层，岩性以灰岩和泥灰岩为主,拐子湖南地区发育二叠纪海相沉积岩层，岩性以灰岩和泥灰岩为主，局部可见珊瑚礁遗迹，是研究古海洋环境的重要地区。,1
256,沱沱河,97.12,33.12,不规则区域,褶皱,二叠纪,复式褶皱发育，褶皱核部地层变形强烈,拐子湖南地区发育二叠纪海相沉积岩层，岩性以灰岩和泥灰岩为主，局部可见珊瑚礁遗迹，是研究古海洋环境的重要地区。,0
210,广丰,117.38,28.37,线状,岩脉,三叠纪,辉绿岩岩脉，岩脉呈脉状产出,广丰地区发育三叠纪辉绿岩岩脉，岩脉呈脉状产出，与围岩接触带可见热变质现象，对区域岩浆活动有重要指示意义。,1
85,广西乐业天坑群,107,24,坑群状,天坑,新生代,天坑群发育良好，坑壁陡峭,广西乐业天坑群是新生代天坑群，发育良好，坑壁陡峭，是研究岩溶地貌的重要地区。,1
472,广西泥石流,108,23,线状,泥石流,新生代,泥石流发育频繁，沟谷堆积物丰富,广西泥石流是新生代泥石流，发育频繁，沟谷堆积物丰富，是研究地质灾害的重要地区。,1
483,广西天坑,108,23,坑状,天坑,新生代,天坑发育良好，坑壁陡峭,广西天坑是新生代天坑，发育良好，坑壁陡峭，是研究岩溶地貌的重要地区。,1
73,广西岩溶塌陷,108,23,面状,地面塌陷,新生代,塌陷坑发育良好，地下水活动强烈,广西岩溶塌陷是新生代塌陷，塌陷坑发育良好，地下水活动强烈，是研究地质灾害的重要地区。,1
279,广元,117.78,39.78,不规则区域,岩脉,三叠纪,辉绿岩岩脉，岩脉呈脉状产出,广元地区发育三叠纪辉绿岩岩脉，岩脉呈脉状产出，与围岩接触带可见热变质现象，对区域岩浆活动有重要指示意义。,1
482,重庆天坑,107,29,坑状,天坑,新生代,天坑发育良好，坑壁陡峭,广元地区发育三叠纪辉绿岩岩脉，岩脉呈脉状产出，与围岩接触带可见热变质现象，对区域岩浆活动有重要指示意义。,0
103,珠江三角洲,113,23,三角洲状,三角洲,新生代,三角洲沉积物丰富，岩性以砂土和泥质为主,贵州关岭化石层是三叠纪化石层，发育良好，保存大量古生物化石，是研究生命演化的重要地区。,0
132,贵州关岭化石层,106,26,层状,化石层,三叠纪,化石层发育良好，保存大量古生物化石,贵州关岭化石层是三叠纪化石层，发育良好，保存大量古生物化石，是研究生命演化的重要地区。,1
346,乌力吉特敖包,124.12,58.12,不规则区域,断层,白垩纪,高角度正断层，断层带内发育构造角砾岩,贵州磷矿床是古生代磷矿床，矿石以磷块岩为主，是中国重要的磷矿资源地。,0
26,贵州磷矿床,106,27,块状,非金属矿床,古生代,磷矿床，矿石以磷块岩为主,贵州磷矿床是古生代磷矿床，矿石以磷块岩为主，是中国重要的磷矿资源地。,1
77,日本福岛地震断裂带,141,37,线状,地震断裂,新生代,断裂带发育良好，地震活动频繁,贵州天坑是新生代天坑，发育良好，坑壁陡峭，是研究岩溶地貌的重要地区。,0
102,黄河三角洲,118,37,三角洲状,三角洲,新生代,三角洲沉积物丰富，岩性以砂土和泥质为主,贵州天坑是新生代天坑，发育良好，坑壁陡峭，是研究岩溶地貌的重要地区。,0
82,贵州天坑,106,27,坑状,天坑,新生代,天坑发育良好，坑壁陡峭,贵州天坑是新生代天坑，发育良好，坑壁陡峭，是研究岩溶地貌的重要地区。,1
480,贵州天坑,106,27,坑状,天坑,新生代,天坑发育良好，坑壁陡峭,贵州天坑是新生代天坑，发育良好，坑壁陡峭，是研究岩溶地貌的重要地区。,1
425,贵州银矿床,106,27,块状,金属矿床,古生代,银矿床，矿石以石英脉型银矿为主,贵州银矿床是古生代银矿床，矿石以石英脉型银矿为主，是中国重要的银矿资源地。,1
81,桂林溶洞,110,25,洞穴状,溶洞,新生代,溶洞发育良好，钟乳石和石笋丰富,桂林溶洞是新生代溶洞，发育良好，钟乳石和石笋丰富，是研究岩溶地貌的重要地区。,1
242,磴口,132.56,57.78,不规则区域,岩体,白垩纪,花岗岩岩体，岩体呈穹状产出,桂林天坑是新生代天坑，发育良好，坑壁陡峭，是研究岩溶地貌的重要地区。,0
479,桂林天坑,110,25,坑状,天坑,新生代,天坑发育良好，坑壁陡峭,桂林天坑是新生代天坑，发育良好，坑壁陡峭，是研究岩溶地貌的重要地区。,1
351,哈拉盖图农场,129.45,60.78,不规则区域,岩体,白垩纪,花岗岩岩体，岩体呈穹状产出,哈拉盖图农场地区发育白垩纪花岗岩岩体，岩体呈穹状产出，内部结构复杂，可见多期岩浆侵入的证据。,1
304,离石,111.23,37.78,不规则区域,岩体,白垩纪,花岗岩岩体，岩体呈穹状产出,哈拉盖图农场地区发育白垩纪花岗岩岩体，岩体呈穹状产出，内部结构复杂，可见多期岩浆侵入的证据。,0
28,内蒙古煤矿层,110,40,层状,矿层,古生代,煤矿层，煤质以褐煤为主,哈拉盖图农场地区发育白垩纪花岗岩岩体，岩体呈穹状产出，内部结构复杂，可见多期岩浆侵入的证据。,0
150,南极洲冰盖,0,-90,面状,冰盖,新生代,冰盖发育良好，冰川地貌丰富,哈拉盖图农场地区发育白垩纪花岗岩岩体，岩体呈穹状产出，内部结构复杂，可见多期岩浆侵入的证据。,0
276,龙日坝,114.98,38.12,不规则区域,断层,白垩纪,高角度正断层，断层带内发育构造角砾岩,哈密县地区发育白垩纪花岗岩岩体，岩体呈穹状产出，内部结构复杂，可见多期岩浆侵入的证据。,0
315,哈密县,93.56,42.89,不规则区域,岩体,白垩纪,花岗岩岩体，岩体呈穹状产出,哈密县地区发育白垩纪花岗岩岩体，岩体呈穹状产出，内部结构复杂，可见多期岩浆侵入的证据。,1
384,巴彦塔拉,162.45,77.12,不规则区域,褶皱,二叠纪,发育多组褶皱构造，地层倾角变化大,哈日奥日布格地区发育二叠纪海相沉积岩层，岩性以灰岩和泥灰岩为主，局部可见珊瑚礁遗迹，是研究古海洋环境的重要地区。,0
12,松辽盆地岩层,125,45,面状,岩层,中生代,海相沉积岩层，岩性以灰岩和泥灰岩为主,哈日奥日布格地区发育二叠纪海相沉积岩层，岩性以灰岩和泥灰岩为主，局部可见珊瑚礁遗迹，是研究古海洋环境的重要地区。,0
227,哈日奥日布格,117.56,42.12,不规则区域,岩层,二叠纪,海相沉积岩层，岩性以灰岩和泥灰岩为主,哈日奥日布格地区发育二叠纪海相沉积岩层，岩性以灰岩和泥灰岩为主，局部可见珊瑚礁遗迹，是研究古海洋环境的重要地区。,1
106,恒河三角洲,89,22,三角洲状,三角洲,新生代,三角洲沉积物丰富，岩性以砂土和泥质为主,哈日奥日布格地区发育二叠纪海相沉积岩层，岩性以灰岩和泥灰岩为主，局部可见珊瑚礁遗迹，是研究古海洋环境的重要地区。,0
404,大兴安岭断裂带,122,50,线状,断裂带,新生代,逆冲断层发育，断层带内构造角砾岩丰富,海地地震断裂带是新生代断裂带，发育良好，地震活动频繁，是研究地震地质的重要地区。,0
76,海地地震断裂带,72,19,线状,地震断裂,新生代,断裂带发育良好，地震活动频繁,海地地震断裂带是新生代断裂带，发育良好，地震活动频繁，是研究地震地质的重要地区。,1
26,贵州磷矿床,106,27,块状,非金属矿床,古生代,磷矿床，矿石以磷块岩为主,海地泥石流是新生代泥石流，发育频繁，沟谷堆积物丰富，是研究地质灾害的重要地区。,0
475,海地泥石流,72,19,线状,泥石流,新生代,泥石流发育频繁，沟谷堆积物丰富,海地泥石流是新生代泥石流，发育频繁，沟谷堆积物丰富，是研究地质灾害的重要地区。,1
174,阿尔卑斯山冰川,10,45,线状,冰川,新生代,冰川发育良好，冰川地貌丰富,海地泥石流是新生代泥石流，发育频繁，沟谷堆积物丰富，是研究地质灾害的重要地区。,0
381,海拉尔市,159.45,75.78,不规则区域,岩层,二叠纪,海相沉积岩层，岩性以灰岩和泥灰岩为主,海拉尔市地区发育二叠纪海相沉积岩层，岩性以灰岩和泥灰岩为主，局部可见珊瑚礁遗迹，是研究古海洋环境的重要地区。,1
294,平型关,132.45,47.12,不规则区域,断层,白垩纪,高角度正断层，断层带内发育构造角砾岩,海拉尔市地区发育二叠纪海相沉积岩层，岩性以灰岩和泥灰岩为主，局部可见珊瑚礁遗迹，是研究古海洋环境的重要地区。,0
283,洛川,121.78,41.78,不规则区域,褶皱,二叠纪,发育多组褶皱构造，地层倾角变化大,海拉尔市地区发育二叠纪海相沉积岩层，岩性以灰岩和泥灰岩为主，局部可见珊瑚礁遗迹，是研究古海洋环境的重要地区。,0
373,海拉恨山,151.12,71.78,不规则区域,岩层,二叠纪,海相沉积岩层，岩性以灰岩和泥灰岩为主,海拉恨山地区发育二叠纪海相沉积岩层，岩性以灰岩和泥灰岩为主，局部可见珊瑚礁遗迹，是研究古海洋环境的重要地区。,1
348,东乌珠穆沁旗,126.45,59.12,不规则区域,褶皱,二叠纪,发育多组褶皱构造，地层倾角变化大,韩城地区发育二叠纪海相沉积岩层，岩性以灰岩和泥灰岩为主，局部可见珊瑚礁遗迹，是研究古海洋环境的重要地区。,0
284,韩城,122.12,42.12,不规则区域,岩层,二叠纪,海相沉积岩层，岩性以灰岩和泥灰岩为主,韩城地区发育二叠纪海相沉积岩层，岩性以灰岩和泥灰岩为主，局部可见珊瑚礁遗迹，是研究古海洋环境的重要地区。,1
339,罕达盖牧场,117.45,54.78,不规则区域,岩体,白垩纪,花岗岩岩体，岩体呈穹状产出,罕达盖牧场地区发育白垩纪花岗岩岩体，岩体呈穹状产出，内部结构复杂，可见多期岩浆侵入的证据。,1
25,云南磷矿床,102,25,块状,非金属矿床,古生代,磷矿床，矿石以磷块岩为主,罕达盖牧场地区发育白垩纪花岗岩岩体，岩体呈穹状产出，内部结构复杂，可见多期岩浆侵入的证据。,0
356,罕乌拉,134.23,63.12,不规则区域,褶皱,二叠纪,发育多组褶皱构造，地层倾角变化大,罕乌拉地区发育二叠纪褶皱构造，地层倾角变化明显，褶皱核部可见多期变形叠加，是研究区域构造演化的重要地区。,1
68,华清池温泉,109,34,点状,泉,新生代,泉水富含矿物质，泉眼发育良好,罕乌拉地区发育二叠纪褶皱构造，地层倾角变化明显，褶皱核部可见多期变形叠加，是研究区域构造演化的重要地区。,0
344,额仁高比,122.34,57.12,不规则区域,褶皱,二叠纪,发育多组褶皱构造，地层倾角变化大,汉中地区发育二叠纪海相沉积岩层，岩性以灰岩和泥灰岩为主，局部可见珊瑚礁遗迹，是研究古海洋环境的重要地区。,0
275,汉中,113.78,37.78,不规则区域,岩层,二叠纪,海相沉积岩层，岩性以灰岩和泥灰岩为主,汉中地区发育二叠纪海相沉积岩层，岩性以灰岩和泥灰岩为主，局部可见珊瑚礁遗迹，是研究古海洋环境的重要地区。,1
354,贺根山,132.45,62.12,不规则区域,断层,白垩纪,高角度正断层，断层带内发育构造角砾岩,贺根山地区发育高角度正断层，断层带内构造角砾岩发育，断层两侧地层有明显错动，对区域构造运动有重要指示意义。,1
345,贺斯格乌拉牧场,123.56,57.78,不规则区域,岩层,二叠纪,海相沉积岩层，岩性以灰岩和泥灰岩为主,贺斯格乌拉牧场地区发育二叠纪海相沉积岩层，岩性以灰岩和泥灰岩为主，局部可见珊瑚礁遗迹，是研究古海洋环境的重要地区。,1
340,沙尔沟特,118.12,55.12,不规则区域,褶皱,二叠纪,发育多组褶皱构造，地层倾角变化大,贺斯格乌拉牧场地区发育二叠纪海相沉积岩层，岩性以灰岩和泥灰岩为主，局部可见珊瑚礁遗迹，是研究古海洋环境的重要地区。,0
213,黑鹰山,110.23,39.87,不规则区域,火山口,白垩纪,火山口保存完整，周围发育熔岩流,黑鹰山地区发育白垩纪火山口，火山口保存完整，周围发育熔岩流，是研究火山活动的重要地区。,1
40,四川盆地,104,30,面状,盆地,中生代,盆地沉积物丰富，岩性以砂岩和页岩为主,黑鹰山地区发育白垩纪火山口，火山口保存完整，周围发育熔岩流，是研究火山活动的重要地区。,0
146,太平洋火环带,180,0,环状,火环带,新生代,火环带发育良好，火山活动频繁,恒河泥质层是新生代泥质层，发育良好，土壤肥沃，是研究地表基质的重要地区。,0
296,榆林,134.12,48.12,不规则区域,褶皱,二叠纪,复式褶皱发育，褶皱核部地层变形强烈,恒河泥质层是新生代泥质层，发育良好，土壤肥沃，是研究地表基质的重要地区。,0
59,阿苏山火山,131,32,锥状,火山,新生代,火山口保存完整，周围发育熔岩流,恒河泥质层是新生代泥质层，发育良好，土壤肥沃，是研究地表基质的重要地区。,0
120,恒河泥质层,89,22,面状,泥质,新生代,泥质层发育良好，土壤肥沃,恒河泥质层是新生代泥质层，发育良好，土壤肥沃，是研究地表基质的重要地区。,1
158,非洲刚果河盆地,15,-4,盆地状,盆地,新生代,盆地沉积物丰富，岩性以砂岩和页岩为主,恒河泥质层是新生代泥质层，发育良好，土壤肥沃，是研究地表基质的重要地区。,0
230,巴音温都尔公社,120.12,45.78,不规则区域,岩体,白垩纪,花岗岩岩体，岩体呈穹状产出,恒河三角洲是新生代三角洲，沉积物丰富，岩性以砂土和泥质为主，是研究沉积环境的重要地区。,0
264,治多幅,105.34,33.78,不规则区域,断层,白垩纪,高角度正断层，断层带内发育构造角砾岩,恒河三角洲是新生代三角洲，沉积物丰富，岩性以砂土和泥质为主，是研究沉积环境的重要地区。,0
106,恒河三角洲,89,22,三角洲状,三角洲,新生代,三角洲沉积物丰富，岩性以砂土和泥质为主,恒河三角洲是新生代三角洲，沉积物丰富，岩性以砂土和泥质为主，是研究沉积环境的重要地区。,1
405,横断山脉断裂带,102,28,线状,断裂带,新生代,逆冲断层发育，断层带内构造角砾岩丰富,横断山脉断裂带是中国西南地区的重要构造带，由多条逆冲断层组成，对区域构造演化有重要意义。,1
302,横山,109.87,38.45,不规则区域,岩层,二叠纪,海相沉积岩层，岩性以灰岩和泥灰岩为主,横山地区发育二叠纪海相沉积岩层，岩性以灰岩和泥灰岩为主，局部可见珊瑚礁遗迹，是研究古海洋环境的重要地区。,1
472,广西泥石流,108,23,线状,泥石流,新生代,泥石流发育频繁，沟谷堆积物丰富,横山地区发育二叠纪海相沉积岩层，岩性以灰岩和泥灰岩为主，局部可见珊瑚礁遗迹，是研究古海洋环境的重要地区。,0
62,黄土高原隔水层,109,36,面状,隔水层,新生代,隔水层发育良好，地下水循环受限,红海裂谷是新生代裂谷，发育良好，湖水富含矿物质，是研究裂谷演化的重要地区。,0
144,红海裂谷,38,22,线状,裂谷,新生代,裂谷发育良好，湖水富含矿物质,红海裂谷是新生代裂谷，发育良好，湖水富含矿物质，是研究裂谷演化的重要地区。,1
105,尼罗河三角洲,31,31,三角洲状,三角洲,新生代,三角洲沉积物丰富，岩性以砂土和泥质为主,红海裂谷是新生代裂谷，发育良好，湖水富含矿物质，是研究裂谷演化的重要地区。,0
330,红柳园,108.12,50.12,不规则区域,断层,白垩纪,高角度正断层，断层带内发育构造角砾岩,红柳园地区发育高角度正断层，断层带内构造角砾岩发育，断层两侧地层有明显错动，对区域构造运动有重要指示意义。,1
170,俄罗斯堪察加熔岩流,158,55,线状,熔岩流,新生代,熔岩流发育良好，流纹清晰,红石山地区侏罗纪地层水平发育，岩性以砂岩和页岩为主，局部可见古生物遗迹，是研究古环境的重要地区。,0
212,红石山,118.56,30.12,不规则区域,岩层,侏罗纪,水平岩层发育，岩性以砂岩和页岩为主,红石山地区侏罗纪地层水平发育，岩性以砂岩和页岩为主，局部可见古生物遗迹，是研究古环境的重要地区。,1
270,红原,108.34,35.12,不规则区域,岩脉,三叠纪,辉绿岩岩脉，岩脉呈脉状产出,红原地区发育三叠纪辉绿岩岩脉，岩脉呈脉状产出，与围岩接触带可见热变质现象，对区域岩浆活动有重要指示意义。,1
241,庆格勒图,131.34,56.12,不规则区域,岩层,二叠纪,海相沉积岩层，岩性以灰岩和泥灰岩为主,侯马地区发育高角度正断层，断层带内构造角砾岩发育，断层两侧地层有明显错动，对区域构造运动有重要指示意义。,0
238,因格井,128.78,53.78,不规则区域,岩体,白垩纪,花岗岩岩体，岩体呈穹状产出,侯马地区发育高角度正断层，断层带内构造角砾岩发育，断层两侧地层有明显错动，对区域构造运动有重要指示意义。,0
285,侯马,123.23,42.78,不规则区域,断层,白垩纪,高角度正断层，断层带内发育构造角砾岩,侯马地区发育高角度正断层，断层带内构造角砾岩发育，断层两侧地层有明显错动，对区域构造运动有重要指示意义。,1
224,后红泉,114.78,39.56,不规则区域,岩层,二叠纪,海相沉积岩层，岩性以灰岩和泥灰岩为主,后红泉地区发育二叠纪海相沉积岩层，岩性以灰岩和泥灰岩为主，局部可见珊瑚礁遗迹，是研究古海洋环境的重要地区。,1
5,安第斯山脉断裂带,70,-25,线状,断裂带,新生代,逆冲断层与褶皱构造发育，地层变形强烈,后红泉地区发育二叠纪海相沉积岩层，岩性以灰岩和泥灰岩为主，局部可见珊瑚礁遗迹，是研究古海洋环境的重要地区。,0
379,呼伦湖,157.12,74.78,不规则区域,岩体,白垩纪,花岗岩岩体，岩体呈穹状产出,呼伦湖地区发育白垩纪花岗岩岩体，岩体呈穹状产出，内部结构复杂，可见多期岩浆侵入的证据。,1
323,阿奇山,101.56,46.78,不规则区域,岩体,白垩纪,花岗岩岩体，岩体呈穹状产出,呼伦湖地区发育白垩纪花岗岩岩体，岩体呈穹状产出，内部结构复杂，可见多期岩浆侵入的证据。,0
387,呼中区,165.45,78.78,不规则区域,岩体,白垩纪,花岗岩岩体，岩体呈穹状产出,呼中区地区发育白垩纪花岗岩岩体，岩体呈穹状产出，内部结构复杂，可见多期岩浆侵入的证据。,1
375,胡列也吐湖,153.45,72.78,不规则区域,岩体,白垩纪,花岗岩岩体，岩体呈穹状产出,胡列也吐湖地区发育白垩纪花岗岩岩体，岩体呈穹状产出，内部结构复杂，可见多期岩浆侵入的证据。,1
483,广西天坑,108,23,坑状,天坑,新生代,天坑发育良好，坑壁陡峭,胡列也吐湖地区发育白垩纪花岗岩岩体，岩体呈穹状产出，内部结构复杂，可见多期岩浆侵入的证据。,0
366,华安公社,144.45,68.12,不规则区域,断层,白垩纪,逆冲断层发育，断层带内构造角砾岩发育,华安公社地区发育白垩纪逆冲断层，断层带内构造角砾岩发育，断层两侧地层有明显挤压变形，对区域构造运动有重要指示意义。,1
63,华北地下水体,116,39,面状,地下水体,新生代,地下水体丰富，水质良好,华北地下水体是新生代地下水体，丰富且水质良好，是研究地下水循环的重要地区。,1
462,华北地下水体,116,39,面状,地下水体,新生代,地下水体丰富，水质良好,华北地下水体是新生代地下水体，丰富且水质良好，是研究地下水循环的重要地区。,1
261,温泉兵站,102.45,30.78,不规则区域,褶皱,二叠纪,发育多组褶皱构造，地层倾角变化大,华北地下水体是新生代地下水体，丰富且水质良好，是研究地下水循环的重要地区。,0
257,章岗日松,98.34,32.98,不规则区域,岩脉,三叠纪,辉绿岩岩脉，岩脉呈脉状产出,华北地下水体是新生代地下水体，丰富且水质良好，是研究地下水循环的重要地区。,0
349,宝力格,127.12,59.78,不规则区域,岩层,二叠纪,海相沉积岩层，岩性以灰岩和泥灰岩为主,华北平原地下水体是新生代地下水体，丰富且水质良好，是研究地下水循环的重要地区。,0
460,华北平原地下水体,116,39,面状,地下水体,新生代,地下水体丰富，水质良好,华北平原地下水体是新生代地下水体，丰富且水质良好，是研究地下水循环的重要地区。,1
61,华北平原含水层,116,39,面状,含水层,新生代,含水层发育良好，地下水丰富,华北平原含水层是新生代含水层，发育良好，地下水丰富，是研究地下水循环的重要地区。,1
410,华北平原砂岩层,116,39,面状,岩层,新生代,海相沉积岩层，岩性以砂岩为主,华北平原砂岩层是新生代海相沉积岩层，岩性以砂岩为主，是研究古环境的重要地区。,1
478,印尼喀拉喀托泥石流,105,-6,线状,泥石流,新生代,泥石流发育频繁，沟谷堆积物丰富,华北平原砂岩层是新生代海相沉积岩层，岩性以砂岩为主，是研究古环境的重要地区。,0
168,新西兰鲁阿佩胡熔岩流,175,-39,线状,熔岩流,新生代,熔岩流发育良好，流纹清晰,华北平原土质层是新生代土质层，发育良好，土壤肥沃，是研究地表基质的重要地区。,0
60,马荣火山,123,13,锥状,火山,新生代,火山口保存完整，周围发育熔岩流,华北平原土质层是新生代土质层，发育良好，土壤肥沃，是研究地表基质的重要地区。,0
114,华北平原土质层,116,39,面状,土质,新生代,土质层发育良好，土壤肥沃,华北平原土质层是新生代土质层，发育良好，土壤肥沃，是研究地表基质的重要地区。,1
125,澳大利亚戈斯峭壁陨石坑,130,-20,坑状,陨石坑,新生代,陨石坑保存完整，周围发育撞击构造,华北平原岩层以新生代海相沉积为主，岩性多样，是研究古环境的重要地区。,0
11,华北平原岩层,116,39,面状,岩层,新生代,海相沉积岩层，岩性以砂岩和页岩为主,华北平原岩层以新生代海相沉积为主，岩性多样，是研究古环境的重要地区。,1
307,志丹,109.23,36.89,不规则区域,岩体,白垩纪,花岗岩岩体，岩体呈穹状产出,华北平原岩层以新生代海相沉积为主，岩性多样，是研究古环境的重要地区。,0
418,峨眉山玄武岩床,102,28,面状,岩床,中生代,玄武岩岩床，岩床呈层状产出,华北平原岩层以新生代海相沉积为主，岩性多样，是研究古环境的重要地区。,0
467,华清池地下水体,109,34,点状,地下水体,新生代,地下水体丰富，水质良好,华清池地下水体是新生代地下水体，丰富且水质良好，是研究地下水循环的重要地区。,1
68,华清池温泉,109,34,点状,泉,新生代,泉水富含矿物质，泉眼发育良好,华清池温泉是新生代温泉，泉水富含矿物质，泉眼发育良好，是研究地下水循环的重要地区。,1
121,巴林杰陨石坑,112,35,坑状,陨石坑,新生代,陨石坑保存完整，周围发育撞击构造,华山花岗岩脉是中生代花岗岩岩脉，岩脉呈脉状产出，与围岩接触带可见热变质现象。,0
417,华山花岗岩脉,110,34,线状,岩脉,中生代,花岗岩岩脉，岩脉呈脉状产出,华山花岗岩脉是中生代花岗岩岩脉，岩脉呈脉状产出，与围岩接触带可见热变质现象。,1
356,罕乌拉,134.23,63.12,不规则区域,褶皱,二叠纪,发育多组褶皱构造，地层倾角变化大,华山花岗岩体是中生代花岗岩岩体，岩体呈穹状产出，内部结构复杂。,0
18,华山花岗岩体,110,34,块状,岩体,中生代,花岗岩岩体，岩体呈穹状产出,华山花岗岩体是中生代花岗岩岩体，岩体呈穹状产出，内部结构复杂。,1
437,塔里木盆地沙漠,82,40,面状,沙漠,新生代,沙漠发育良好，沙丘形态多样,华山花岗岩体是中生代花岗岩岩体，岩体呈穹状产出，内部结构复杂。,0
388,塔源,166.12,79.12,不规则区域,褶皱,二叠纪,发育多组褶皱构造，地层倾角变化大,黄河河谷是新生代河谷，深切明显，发育多级阶地，是研究河流地貌演化的重要地区。,0
42,黄河河谷,104,36,线状,河谷,新生代,河谷深切，发育多级阶地,黄河河谷是新生代河谷，深切明显，发育多级阶地，是研究河流地貌演化的重要地区。,1
414,四川盆地石灰岩层,104,30,面状,岩层,中生代,海相沉积岩层，岩性以石灰岩为主,黄河河谷是新生代河谷，深切明显，发育多级阶地，是研究河流地貌演化的重要地区。,0
102,黄河三角洲,118,37,三角洲状,三角洲,新生代,三角洲沉积物丰富，岩性以砂土和泥质为主,黄河三角洲是新生代三角洲，沉积物丰富，岩性以砂土和泥质为主，是研究沉积环境的重要地区。,1
457,黄石天池火山,110,44,盾状,火山,新生代,火山口保存完整，周围发育熔岩流,黄河三角洲是新生代三角洲，沉积物丰富，岩性以砂土和泥质为主，是研究沉积环境的重要地区。,0
258,扎河,99.56,31.78,不规则区域,岩层,二叠纪,海相沉积岩层，岩性以灰岩和泥灰岩为主,黄河三角洲是新生代三角洲，沉积物丰富，岩性以砂土和泥质为主，是研究沉积环境的重要地区。,0
90,美国猛犸溶洞,117,37,洞穴状,溶洞,新生代,溶洞发育良好，钟乳石和石笋丰富,黄河上游河谷是新生代河谷，深切明显，发育多级阶地，是研究河流地貌演化的重要地区。,0
441,黄河上游河谷,104,36,线状,河谷,新生代,河谷深切，发育多级阶地,黄河上游河谷是新生代河谷，深切明显，发育多级阶地，是研究河流地貌演化的重要地区。,1
109,祁连山冲积扇,99,37,扇状,冲积扇,新生代,冲积扇沉积物丰富，岩性以砾石和砂土为主,黄河上游河谷是新生代河谷，深切明显，发育多级阶地，是研究河流地貌演化的重要地区。,0
7,东非大裂谷,37,-1,线状,断裂带,新生代,正断层发育，裂谷带内火山活动频繁,黄河上游河谷是新生代河谷，深切明显，发育多级阶地，是研究河流地貌演化的重要地区。,0
415,黄山花岗岩脉,118,30,线状,岩脉,中生代,花岗岩岩脉，岩脉呈脉状产出,黄山花岗岩脉是中生代花岗岩岩脉，岩脉呈脉状产出，与围岩接触带可见热变质现象。,1
16,黄山花岗岩体,118,30,块状,岩体,中生代,花岗岩岩体，岩体呈穹状产出,黄山花岗岩体是中生代花岗岩岩体，岩体呈穹状产出，内部结构复杂。,1
469,黄石公园地下水体,110,44,点状,地下水体,新生代,地下水体丰富，水质良好,黄石公园地下水体是新生代地下水体，丰富且水质良好，是研究地下水循环的重要地区。,1
70,黄石公园温泉,110,44,点状,泉,新生代,泉水富含矿物质，泉眼发育良好,黄石公园温泉是新生代温泉，泉水富含矿物质，泉眼发育良好，是研究地下水循环的重要地区。,1
49,密西西比河谷,90,33,线状,河谷,新生代,河谷深切，发育多级阶地,黄石公园温泉是新生代温泉，泉水富含矿物质，泉眼发育良好，是研究地下水循环的重要地区。,0
499,长江三角洲冲积扇,121,31,扇状,冲积扇,新生代,冲积扇沉积物丰富，岩性以砾石和砂土为主,黄石火山是新生代火山，火山口保存完整，周围发育熔岩流，是研究火山活动的重要地区。,0
58,黄石火山,110,44,盾状,火山,新生代,火山口保存完整，周围发育熔岩流,黄石火山是新生代火山，火山口保存完整，周围发育熔岩流，是研究火山活动的重要地区。,1
85,广西乐业天坑群,107,24,坑群状,天坑,新生代,天坑群发育良好，坑壁陡峭,黄石火山是新生代火山，火山口保存完整，周围发育熔岩流，是研究火山活动的重要地区。,0
83,云南石林,102,25,石林状,石林,新生代,石林发育良好，形态多样,黄石火山是新生代火山，火山口保存完整，周围发育熔岩流，是研究火山活动的重要地区。,0
457,黄石天池火山,110,44,盾状,火山,新生代,火山口保存完整，周围发育熔岩流,黄石天池火山是新生代火山，火山口保存完整，周围发育熔岩流，是研究火山活动的重要地区。,1
265,唐古拉山口,92.01,32.56,不规则区域,褶皱,侏罗纪,发育多组褶皱构造，地层倾角变化大,黄石天池火山是新生代火山，火山口保存完整，周围发育熔岩流，是研究火山活动的重要地区。,0
461,黄土高原地下水体,109,36,面状,地下水体,新生代,地下水体丰富，水质良好,黄土高原地下水体是新生代地下水体，丰富且水质良好，是研究地下水循环的重要地区。,1
314,延安,110.34,36.56,不规则区域,断层,白垩纪,高角度正断层，断层带内发育构造角砾岩,黄土高原隔水层是新生代隔水层，发育良好，地下水循环受限，是研究地下水循环的重要地区。,0
62,黄土高原隔水层,109,36,面状,隔水层,新生代,隔水层发育良好，地下水循环受限,黄土高原隔水层是新生代隔水层，发育良好，地下水循环受限，是研究地下水循环的重要地区。,1
451,富士山天池火山,138,35,锥状,火山,新生代,火山口保存完整，周围发育熔岩流,黄土高原土质层是新生代土质层，发育良好，黄土成分丰富，是研究地表基质的重要地区。,0
113,黄土高原土质层,109,36,面状,土质,新生代,土质层发育良好，黄土成分丰富,黄土高原土质层是新生代土质层，发育良好，黄土成分丰富，是研究地表基质的重要地区。,1
252,库赛湖,93.12,34.56,不规则区域,岩层,二叠纪,海相沉积岩层，岩性以灰岩和泥灰岩为主,黄土高原土质层是新生代土质层，发育良好，黄土成分丰富，是研究地表基质的重要地区。,0
248,黄岩,121.45,28.56,不规则区域,岩体,白垩纪,花岗岩岩体，岩体呈穹状产出,黄岩地区发育白垩纪花岗岩岩体，岩体呈穹状产出，内部结构复杂，可见多期岩浆侵入的证据。,1
55,基拉韦厄火山,155,19,盾状,火山,新生代,火山口保存完整，周围发育熔岩流,基拉韦厄火山是新生代火山，火山口保存完整，周围发育熔岩流，是研究火山活动的重要地区。,1
454,基拉韦厄天池火山,155,19,盾状,火山,新生代,火山口保存完整，周围发育熔岩流,基拉韦厄天池火山是新生代火山，火山口保存完整，周围发育熔岩流，是研究火山活动的重要地区。,1
353,吉尔嘎郎图,131.23,61.78,不规则区域,岩层,二叠纪,海相沉积岩层，岩性以灰岩和泥灰岩为主,吉尔嘎郎图地区发育二叠纪海相沉积岩层，岩性以灰岩和泥灰岩为主，局部可见珊瑚礁遗迹，是研究古海洋环境的重要地区。,1
397,漠河,175.12,83.78,不规则区域,岩层,二叠纪,海相沉积岩层，岩性以灰岩和泥灰岩为主,加拿大阿尔伯塔化石层是白垩纪化石层，发育良好，保存大量古生物化石，是研究生命演化的重要地区。,0
183,澳大利亚戈斯峭壁陨石坑,130,-20,坑状,陨石坑,新生代,陨石坑保存完整，周围发育撞击构造,加拿大阿尔伯塔化石层是白垩纪化石层，发育良好，保存大量古生物化石，是研究生命演化的重要地区。,0
136,加拿大阿尔伯塔化石层,114,54,层状,化石层,白垩纪,化石层发育良好，保存大量古生物化石,加拿大阿尔伯塔化石层是白垩纪化石层，发育良好，保存大量古生物化石，是研究生命演化的重要地区。,1
78,意大利庞贝火山泥石流,14,40,线状,泥石流,新生代,泥石流发育频繁，沟谷堆积物丰富,加拿大阿尔伯塔化石层是白垩纪化石层，发育良好，保存大量古生物化石，是研究生命演化的重要地区。,0
179,加拿大冰川,75,60,线状,冰川,新生代,冰川发育良好，冰川地貌丰富,加拿大冰川是新生代冰川，发育良好，冰川地貌丰富，是研究冰川作用的重要地区。,1
434,安第斯山冰川,70,-25,线状,冰川,新生代,冰川发育良好，冰川地貌丰富,加拿大冰川是新生代冰川，发育良好，冰川地貌丰富，是研究冰川作用的重要地区。,0
192,加拿大伯吉斯页岩,120,50,层状,化石层,寒武纪,化石层发育良好，保存大量古生物化石,加拿大伯吉斯页岩是寒武纪化石层，发育良好，保存大量古生物化石，是研究生命演化的重要地区。,1
64,长江三角洲地下水体,121,31,面状,地下水体,新生代,地下水体丰富，水质良好,加拿大萨德伯里陨石坑是古生代陨石坑，保存完整，周围发育撞击构造，是研究陨石撞击的重要地区。,0
113,黄土高原土质层,109,36,面状,土质,新生代,土质层发育良好，黄土成分丰富,加拿大萨德伯里陨石坑是古生代陨石坑，保存完整，周围发育撞击构造，是研究陨石撞击的重要地区。,0
123,加拿大萨德伯里陨石坑,81,46,坑状,陨石坑,古生代,陨石坑保存完整，周围发育撞击构造,加拿大萨德伯里陨石坑是古生代陨石坑，保存完整，周围发育撞击构造，是研究陨石撞击的重要地区。,1
182,加拿大萨德伯里陨石坑,81,46,坑状,陨石坑,古生代,陨石坑保存完整，周围发育撞击构造,加拿大萨德伯里陨石坑是古生代陨石坑，保存完整，周围发育撞击构造，是研究陨石撞击的重要地区。,1
297,佳县,135.23,48.78,不规则区域,岩脉,三叠纪,辉绿岩岩脉，岩脉呈脉状产出,佳县地区发育三叠纪辉绿岩岩脉，岩脉呈脉状产出，与围岩接触带可见热变质现象，对区域岩浆活动有重要指示意义。,1
392,嘉荫县,170.23,81.12,不规则区域,褶皱,二叠纪,发育多组褶皱构造，地层倾角变化大,嘉荫县地区发育二叠纪褶皱构造，地层倾角变化明显，褶皱核部可见多期变形叠加，是研究区域构造演化的重要地区。,1
221,建国营,116.12,36.87,不规则区域,岩体,白垩纪,花岗岩岩体，岩体呈穹状产出,建国营地区发育白垩纪花岗岩岩体，岩体呈穹状产出，内部结构复杂，可见多期岩浆侵入的证据。,1
372,建设屯,150.45,71.12,不规则区域,褶皱,二叠纪,发育多组褶皱构造，地层倾角变化大,建设屯地区发育二叠纪褶皱构造，地层倾角变化明显，褶皱核部可见多期变形叠加，是研究区域构造演化的重要地区。,1
429,江西铅锌矿床,114,28,块状,金属矿床,中生代,铅锌矿床，矿石以方铅矿和闪锌矿为主,江西铅锌矿床是中生代铅锌矿床，矿石以方铅矿和闪锌矿为主，是中国重要的铅锌矿资源地。,1
30,江西钨矿床,114,28,块状,金属矿床,中生代,钨矿床，矿石以黑钨矿为主,江西钨矿床是中生代钨矿床，矿石以黑钨矿为主，是中国重要的钨矿资源地。,1
443,科罗拉多河上游河谷,112,36,线状,河谷,新生代,河谷深切，发育多级阶地,江西钨矿床是中生代钨矿床，矿石以黑钨矿为主，是中国重要的钨矿资源地。,0
24,胶东金矿脉,120,37,线状,矿脉,中生代,金矿脉，矿石以石英脉型金矿为主,胶东金矿脉是中生代金矿脉，矿石以石英脉型金矿为主，是中国重要的金矿资源地。,1
218,公婆泉,113.67,38.56,不规则区域,泉,二叠纪,泉水富含矿物质，泉眼发育良好,胶东金矿脉是中生代金矿脉，矿石以石英脉型金矿为主，是中国重要的金矿资源地。,0
289,铜川,127.23,44.78,不规则区域,岩层,二叠纪,海相沉积岩层，岩性以灰岩和泥灰岩为主,胶东银矿脉是中生代银矿脉，矿石以石英脉型银矿为主，是中国重要的银矿资源地。,0
423,胶东银矿脉,120,37,线状,矿脉,中生代,银矿脉，矿石以石英脉型银矿为主,胶东银矿脉是中生代银矿脉，矿石以石英脉型银矿为主，是中国重要的银矿资源地。,1
406,昆仑山断裂带,80,35,线状,断裂带,新生代,逆冲断层发育，断层带内构造角砾岩丰富,胶东银矿脉是中生代银矿脉，矿石以石英脉型银矿为主，是中国重要的银矿资源地。,0
205,金华,119.65,29.08,不规则区域,褶皱,二叠纪,复式褶皱发育，褶皱核部地层变形强烈,金华地区发育二叠纪复式褶皱，褶皱核部地层变形强烈，褶皱形态复杂，是研究区域构造演化的重要地区。,1
192,加拿大伯吉斯页岩,120,50,层状,化石层,寒武纪,化石层发育良好，保存大量古生物化石,金沙江上游河谷是新生代河谷，深切明显，发育多级阶地，是研究河流地貌演化的重要地区。,0
444,金沙江上游河谷,102,27,线状,河谷,新生代,河谷深切，发育多级阶地,金沙江上游河谷是新生代河谷，深切明显，发育多级阶地，是研究河流地貌演化的重要地区。,1
144,红海裂谷,38,22,线状,裂谷,新生代,裂谷发育良好，湖水富含矿物质,金沙江上游河谷是新生代河谷，深切明显，发育多级阶地，是研究河流地貌演化的重要地区。,0
45,金沙江峡谷,102,27,线状,峡谷,新生代,峡谷深切，发育多级阶地,金沙江峡谷是新生代峡谷，深切明显，发育多级阶地，是研究河流地貌演化的重要地区。,1
286,晋城,124.45,43.12,不规则区域,岩体,白垩纪,花岗岩岩体，岩体呈穹状产出,晋城地区发育白垩纪花岗岩岩体，岩体呈穹状产出，内部结构复杂，可见多期岩浆侵入的证据。,1
305,榆次,112.56,37.67,不规则区域,岩层,二叠纪,海相沉积岩层，岩性以灰岩和泥灰岩为主,晋城地区发育白垩纪花岗岩岩体，岩体呈穹状产出，内部结构复杂，可见多期岩浆侵入的证据。,0
301,靖边,109.45,37.89,不规则区域,断层,三叠纪,逆冲断层发育，断层带内构造角砾岩发育,靖边地区发育三叠纪逆冲断层，断层带内构造角砾岩发育，断层两侧地层有明显挤压变形，对区域构造运动有重要指示意义。,1
401,祁连山褶皱带,99,37,带状,褶皱,新生代,发育多组复式褶皱，地层倾角变化大,靖边地区发育三叠纪逆冲断层，断层带内构造角砾岩发育，断层两侧地层有明显挤压变形，对区域构造运动有重要指示意义。,0
298,静乐,136.45,49.12,不规则区域,岩层,二叠纪,海相沉积岩层，岩性以灰岩和泥灰岩为主,静乐地区发育二叠纪海相沉积岩层，岩性以灰岩和泥灰岩为主，局部可见珊瑚礁遗迹，是研究古海洋环境的重要地区。,1
160,北美五大湖区,80,45,湖群状,湖群,新生代,湖群发育良好，水质良好,静乐地区发育二叠纪海相沉积岩层，岩性以灰岩和泥灰岩为主，局部可见珊瑚礁遗迹，是研究古海洋环境的重要地区。,0
325,喀拉塔格,103.23,47.78,不规则区域,岩层,二叠纪,海相沉积岩层，岩性以灰岩和泥灰岩为主,喀拉塔格地区发育二叠纪海相沉积岩层，岩性以灰岩和泥灰岩为主，局部可见珊瑚礁遗迹，是研究古海洋环境的重要地区。,1
463,长江三角洲地下水体,121,31,面状,地下水体,新生代,地下水体丰富，水质良好,卡瓦布拉克地区发育二叠纪褶皱构造，地层倾角变化明显，褶皱核部可见多期变形叠加，是研究区域构造演化的重要地区。,0
324,卡瓦布拉克,102.12,47.12,不规则区域,褶皱,二叠纪,发育多组褶皱构造，地层倾角变化大,卡瓦布拉克地区发育二叠纪褶皱构造，地层倾角变化明显，褶皱核部可见多期变形叠加，是研究区域构造演化的重要地区。,1
116,亚马逊雨林泥质层,60,-3,面状,泥质,新生代,泥质层发育良好，土壤肥沃,卡瓦布拉克地区发育二叠纪褶皱构造，地层倾角变化明显，褶皱核部可见多期变形叠加，是研究区域构造演化的重要地区。,0
435,落基山冰川,115,45,线状,冰川,新生代,冰川发育良好，冰川地貌丰富,康古尔塔格地区发育白垩纪逆冲断层，断层带内构造角砾岩发育，断层两侧地层有明显挤压变形，对区域构造运动有重要指示意义。,0
318,康古尔塔格,96.78,44.12,不规则区域,断层,白垩纪,逆冲断层发育，断层带内构造角砾岩发育,康古尔塔格地区发育白垩纪逆冲断层，断层带内构造角砾岩发育，断层两侧地层有明显挤压变形，对区域构造运动有重要指示意义。,1
171,格陵兰冰盖,45,72,面状,冰盖,新生代,冰盖发育良好，冰川地貌丰富,康古尔塔格地区发育白垩纪逆冲断层，断层带内构造角砾岩发育，断层两侧地层有明显挤压变形，对区域构造运动有重要指示意义。,0
44,科罗拉多大峡谷,112,36,线状,峡谷,新生代,峡谷深切，发育多级阶地,科罗拉多大峡谷是新生代峡谷，深切明显，发育多级阶地，是研究河流地貌演化的重要地区。,1
52,富士山火山,138,35,锥状,火山,新生代,火山口保存完整，周围发育熔岩流,科罗拉多河上游河谷是新生代河谷，深切明显，发育多级阶地，是研究河流地貌演化的重要地区。,0
443,科罗拉多河上游河谷,112,36,线状,河谷,新生代,河谷深切，发育多级阶地,科罗拉多河上游河谷是新生代河谷，深切明显，发育多级阶地，是研究河流地貌演化的重要地区。,1
251,可可西里湖,92.56,34.78,不规则区域,盆地,白垩纪,盆地沉积物丰富，岩性以砂岩和泥岩为主,可可西里湖地区发育白垩纪盆地，盆地沉积物丰富，岩性以砂岩和泥岩为主，是研究古环境的重要地区。,1
82,贵州天坑,106,27,坑状,天坑,新生代,天坑发育良好，坑壁陡峭,克拉卡托火山是新生代火山，火山口保存完整，周围发育熔岩流，是研究火山活动的重要地区。,0
57,克拉卡托火山,105,-6,锥状,火山,新生代,火山口保存完整，周围发育熔岩流,克拉卡托火山是新生代火山，火山口保存完整，周围发育熔岩流，是研究火山活动的重要地区。,1
456,克拉卡托天池火山,105,-6,锥状,火山,新生代,火山口保存完整，周围发育熔岩流,克拉卡托天池火山是新生代火山，火山口保存完整，周围发育熔岩流，是研究火山活动的重要地区。,1
419,五大连池玄武岩床,126,48,面状,岩床,新生代,玄武岩岩床，岩床呈层状产出,库木库都克地区发育白垩纪花岗岩岩体，岩体呈穹状产出，内部结构复杂，可见多期岩浆侵入的证据。,0
27,山西煤矿层,112,37,层状,矿层,古生代,煤矿层，煤质以无烟煤为主,库木库都克地区发育白垩纪花岗岩岩体，岩体呈穹状产出，内部结构复杂，可见多期岩浆侵入的证据。,0
331,库木库都克,109.23,50.78,不规则区域,岩体,白垩纪,花岗岩岩体，岩体呈穹状产出,库木库都克地区发育白垩纪花岗岩岩体，岩体呈穹状产出，内部结构复杂，可见多期岩浆侵入的证据。,1
318,康古尔塔格,96.78,44.12,不规则区域,断层,白垩纪,逆冲断层发育，断层带内构造角砾岩发育,库木库都克地区发育白垩纪花岗岩岩体，岩体呈穹状产出，内部结构复杂，可见多期岩浆侵入的证据。,0
37,阿尔卑斯山脉,10.5,45,线状,山脉,新生代,山脉由花岗岩和变质岩组成，山体陡峭,库木库都克地区发育白垩纪花岗岩岩体，岩体呈穹状产出，内部结构复杂，可见多期岩浆侵入的证据。,0
239,库乃头喇嘛庙,129.98,54.12,不规则区域,岩层,二叠纪,海相沉积岩层，岩性以灰岩和泥灰岩为主,库乃头喇嘛庙地区发育二叠纪海相沉积岩层，岩性以灰岩和泥灰岩为主，局部可见珊瑚礁遗迹，是研究古海洋环境的重要地区。,1
22,鞍山铁矿床,122,41,块状,金属矿床,古生代,铁矿床，矿石以磁铁矿为主,库赛湖地区发育二叠纪海相沉积岩层，岩性以灰岩和泥灰岩为主，局部可见珊瑚礁遗迹，是研究古海洋环境的重要地区。,0
279,广元,117.78,39.78,不规则区域,岩脉,三叠纪,辉绿岩岩脉，岩脉呈脉状产出,库赛湖地区发育二叠纪海相沉积岩层，岩性以灰岩和泥灰岩为主，局部可见珊瑚礁遗迹，是研究古海洋环境的重要地区。,0
252,库赛湖,93.12,34.56,不规则区域,岩层,二叠纪,海相沉积岩层，岩性以灰岩和泥灰岩为主,库赛湖地区发育二叠纪海相沉积岩层，岩性以灰岩和泥灰岩为主，局部可见珊瑚礁遗迹，是研究古海洋环境的重要地区。,1
352,巴音图嘎,130.12,61.12,不规则区域,褶皱,二叠纪,发育多组褶皱构造，地层倾角变化大,昆仑山冰川是新生代冰川，发育良好，冰川地貌丰富，是研究冰川作用的重要地区。,0
328,星星峡,106.23,49.12,不规则区域,褶皱,二叠纪,发育多组褶皱构造，地层倾角变化大,昆仑山冰川是新生代冰川，发育良好，冰川地貌丰富，是研究冰川作用的重要地区。,0
167,墨西哥帕里库廷熔岩流,102,19,线状,熔岩流,新生代,熔岩流发育良好，流纹清晰,昆仑山冰川是新生代冰川，发育良好，冰川地貌丰富，是研究冰川作用的重要地区。,0
430,昆仑山冰川,80,35,线状,冰川,新生代,冰川发育良好，冰川地貌丰富,昆仑山冰川是新生代冰川，发育良好，冰川地貌丰富，是研究冰川作用的重要地区。,1
406,昆仑山断裂带,80,35,线状,断裂带,新生代,逆冲断层发育，断层带内构造角砾岩丰富,昆仑山断裂带是中国西部地区的重要构造带，由多条逆冲断层组成，对区域构造演化有重要意义。,1
31,昆仑山脉,80,35,线状,山脉,新生代,山脉由花岗岩和变质岩组成，山体陡峭,昆仑山脉是新生代山脉，由花岗岩和变质岩组成，山体陡峭，是研究区域构造演化的重要地区。,1
191,美国拉布雷亚沥青坑,118,34,坑状,化石层,新生代,化石层发育良好，保存大量古生物化石,澜沧江上游河谷是新生代河谷，深切明显，发育多级阶地，是研究河流地貌演化的重要地区。,0
446,澜沧江上游河谷,99,26,线状,河谷,新生代,河谷深切，发育多级阶地,澜沧江上游河谷是新生代河谷，深切明显，发育多级阶地，是研究河流地貌演化的重要地区。,1
143,死海裂谷,35,31,线状,裂谷,新生代,裂谷发育良好，湖水富含矿物质,澜沧江上游河谷是新生代河谷，深切明显，发育多级阶地，是研究河流地貌演化的重要地区。,0
415,黄山花岗岩脉,118,30,线状,岩脉,中生代,花岗岩岩脉，岩脉呈脉状产出,澜沧江峡谷是新生代峡谷，深切明显，发育多级阶地，是研究河流地貌演化的重要地区。,0
47,澜沧江峡谷,99,26,线状,峡谷,新生代,峡谷深切，发育多级阶地,澜沧江峡谷是新生代峡谷，深切明显，发育多级阶地，是研究河流地貌演化的重要地区。,1
399,老沟,177.45,84.78,不规则区域,岩体,白垩纪,花岗岩岩体，岩体呈穹状产出,老沟地区发育白垩纪花岗岩岩体，岩体呈穹状产出，内部结构复杂，可见多期岩浆侵入的证据。,1
313,老合水,114.56,38.45,不规则区域,岩层,二叠纪,海相沉积岩层，岩性以灰岩和泥灰岩为主,老合水地区发育二叠纪海相沉积岩层，岩性以灰岩和泥灰岩为主，局部可见珊瑚礁遗迹，是研究古海洋环境的重要地区。,1
117,长江三角洲泥质层,121,31,面状,泥质,新生代,泥质层发育良好，土壤肥沃,乐平地区白垩纪地层水平发育，岩性以砂岩和页岩为主，局部可见古生物遗迹，是研究古环境的重要地区。,0
203,乐平,116.98,28.63,不规则区域,岩层,白垩纪,水平岩层发育，岩性以砂岩和页岩为主,乐平地区白垩纪地层水平发育，岩性以砂岩和页岩为主，局部可见古生物遗迹，是研究古环境的重要地区。,1
304,离石,111.23,37.78,不规则区域,岩体,白垩纪,花岗岩岩体，岩体呈穹状产出,离石地区发育白垩纪花岗岩岩体，岩体呈穹状产出，内部结构复杂，可见多期岩浆侵入的证据。,1
31,昆仑山脉,80,35,线状,山脉,新生代,山脉由花岗岩和变质岩组成，山体陡峭,离石地区发育白垩纪花岗岩岩体，岩体呈穹状产出，内部结构复杂，可见多期岩浆侵入的证据。,0
430,昆仑山冰川,80,35,线状,冰川,新生代,冰川发育良好，冰川地貌丰富,离石地区发育白垩纪花岗岩岩体，岩体呈穹状产出，内部结构复杂，可见多期岩浆侵入的证据。,0
196,摩洛哥卡姆凯姆化石群,13,30,层状,化石层,白垩纪,化石层发育良好，保存大量古生物化石,离石地区发育白垩纪花岗岩岩体，岩体呈穹状产出，内部结构复杂，可见多期岩浆侵入的证据。,0
211,丽水,119.92,28.45,不规则区域,褶皱,二叠纪,发育多组褶皱构造，地层倾角变化大,丽水地区发育二叠纪褶皱构造，地层倾角变化明显，褶皱核部可见多期变形叠加，是研究区域构造演化的重要地区。,1
398,连寅,176.23,84.12,不规则区域,断层,白垩纪,逆冲断层发育，断层带内构造角砾岩发育,连寅地区发育白垩纪逆冲断层，断层带内构造角砾岩发育，断层两侧地层有明显挤压变形，对区域构造运动有重要指示意义。,1
51,长白山火山,126,42,锥状,火山,新生代,火山口保存完整，周围发育熔岩流,连寅地区发育白垩纪逆冲断层，断层带内构造角砾岩发育，断层两侧地层有明显挤压变形，对区域构造运动有重要指示意义。,0
244,二连浩特,115.98,43.78,不规则区域,火山口,白垩纪,火山口保存完整，周围发育熔岩流,连寅地区发育白垩纪逆冲断层，断层带内构造角砾岩发育，断层两侧地层有明显挤压变形，对区域构造运动有重要指示意义。,0
332,玉门关,110.56,51.12,不规则区域,褶皱,二叠纪,发育多组褶皱构造，地层倾角变化大,连寅地区发育白垩纪逆冲断层，断层带内构造角砾岩发育，断层两侧地层有明显挤压变形，对区域构造运动有重要指示意义。,0
247,临海,121.12,28.78,不规则区域,断层,三叠纪,高角度正断层，断层带内发育构造角砾岩,临海地区发育高角度正断层，断层带内构造角砾岩发育，断层两侧地层有明显错动，对区域构造运动有重要指示意义。,1
199,蒙古戈壁恐龙化石群,105,45,层状,化石层,白垩纪,化石层发育良好，保存大量恐龙化石,临海地区发育高角度正断层，断层带内构造角砾岩发育，断层两侧地层有明显错动，对区域构造运动有重要指示意义。,0
237,临河县,127.56,52.12,不规则区域,岩层,二叠纪,海相沉积岩层，岩性以灰岩和泥灰岩为主,临河县地区发育二叠纪海相沉积岩层，岩性以灰岩和泥灰岩为主，局部可见珊瑚礁遗迹，是研究古海洋环境的重要地区。,1
324,卡瓦布拉克,102.12,47.12,不规则区域,褶皱,二叠纪,发育多组褶皱构造，地层倾角变化大,临河县地区发育二叠纪海相沉积岩层，岩性以灰岩和泥灰岩为主，局部可见珊瑚礁遗迹，是研究古海洋环境的重要地区。,0
287,陵川,125.78,43.78,不规则区域,褶皱,二叠纪,复式褶皱发育，褶皱核部地层变形强烈,陵川地区发育二叠纪复式褶皱，褶皱核部地层变形强烈，褶皱形态复杂，是研究区域构造演化的重要地区。,1
213,黑鹰山,110.23,39.87,不规则区域,火山口,白垩纪,火山口保存完整，周围发育熔岩流,陵川地区发育二叠纪复式褶皱，褶皱核部地层变形强烈，褶皱形态复杂，是研究区域构造演化的重要地区。,0
229,阿论功,119.98,44.12,不规则区域,岩层,二叠纪,海相沉积岩层，岩性以灰岩和泥灰岩为主,六驼山地区发育二叠纪山脉，山脉由花岗岩组成，山体陡峭，是研究区域构造演化的重要地区。,0
214,六驼山,112.34,38.76,不规则区域,山脉,二叠纪,山脉由花岗岩组成，山体陡峭,六驼山地区发育二叠纪山脉，山脉由花岗岩组成，山体陡峭，是研究区域构造演化的重要地区。,1
1,龙门山断裂带,103.5,31,线状,断裂带,新生代,逆冲断层发育，断层带内构造角砾岩丰富,龙门山断裂带是青藏高原东缘的重要构造带，由多条逆冲断层组成，是2008年汶川地震的发震构造。,1
276,龙日坝,114.98,38.12,不规则区域,断层,白垩纪,高角度正断层，断层带内发育构造角砾岩,龙日坝地区发育高角度正断层，断层带内构造角砾岩发育，断层两侧地层有明显错动，对区域构造运动有重要指示意义。,1
439,四川盆地丘陵,104,30,面状,丘陵,新生代,丘陵发育良好，地形起伏较大,龙日坝地区发育高角度正断层，断层带内构造角砾岩发育，断层两侧地层有明显错动，对区域构造运动有重要指示意义。,0
220,路井,115.89,37.45,不规则区域,岩层,二叠纪,海相沉积岩层，岩性以灰岩和泥灰岩为主,路井地区发育二叠纪海相沉积岩层，岩性以灰岩和泥灰岩为主，局部可见珊瑚礁遗迹，是研究古海洋环境的重要地区。,1
145,冰岛大西洋中脊,20,65,线状,中脊,新生代,中脊发育良好，火山活动频繁,路井地区发育二叠纪海相沉积岩层，岩性以灰岩和泥灰岩为主，局部可见珊瑚礁遗迹，是研究古海洋环境的重要地区。,0
283,洛川,121.78,41.78,不规则区域,褶皱,二叠纪,发育多组褶皱构造，地层倾角变化大,洛川地区发育二叠纪褶皱构造，地层倾角变化明显，褶皱核部可见多期变形叠加，是研究区域构造演化的重要地区。,1
175,落基山冰川,115,45,线状,冰川,新生代,冰川发育良好，冰川地貌丰富,落基山冰川是新生代冰川，发育良好，冰川地貌丰富，是研究冰川作用的重要地区。,1
435,落基山冰川,115,45,线状,冰川,新生代,冰川发育良好，冰川地貌丰富,落基山冰川是新生代冰川，发育良好，冰川地貌丰富，是研究冰川作用的重要地区。,1
421,鞍山铜矿床,122,41,块状,金属矿床,古生代,铜矿床，矿石以黄铜矿为主,落基山冰川遗迹是新生代冰川遗迹，发育良好，冰川地貌丰富，是研究冰川作用的重要地区。,0
128,落基山冰川遗迹,115,45,面状,冰川遗迹,新生代,冰川遗迹发育良好，冰川地貌丰富,落基山冰川遗迹是新生代冰川遗迹，发育良好，冰川地貌丰富，是研究冰川作用的重要地区。,1
36,落基山脉,115,45,线状,山脉,新生代,山脉由花岗岩和变质岩组成，山体陡峭,落基山脉是新生代山脉，由花岗岩和变质岩组成，山体陡峭，是研究区域构造演化的重要地区。,1
104,密西西比河三角洲,90,30,三角洲状,三角洲,新生代,三角洲沉积物丰富，岩性以砂土和泥质为主,落基山脉是新生代山脉，由花岗岩和变质岩组成，山体陡峭，是研究区域构造演化的重要地区。,0
458,阿苏天池火山,131,32,锥状,火山,新生代,火山口保存完整，周围发育熔岩流,略阳地区发育二叠纪褶皱构造，地层倾角变化明显，褶皱核部可见多期变形叠加，是研究区域构造演化的重要地区。,0
347,布林郭勒,125.23,58.78,不规则区域,岩体,白垩纪,花岗岩岩体，岩体呈穹状产出,略阳地区发育二叠纪褶皱构造，地层倾角变化明显，褶皱核部可见多期变形叠加，是研究区域构造演化的重要地区。,0
30,江西钨矿床,114,28,块状,金属矿床,中生代,钨矿床，矿石以黑钨矿为主,略阳地区发育二叠纪褶皱构造，地层倾角变化明显，褶皱核部可见多期变形叠加，是研究区域构造演化的重要地区。,0
274,略阳,112.45,37.12,不规则区域,褶皱,二叠纪,发育多组褶皱构造，地层倾角变化大,略阳地区发育二叠纪褶皱构造，地层倾角变化明显，褶皱核部可见多期变形叠加，是研究区域构造演化的重要地区。,1
89,马来西亚姆鲁溶洞,114,4,洞穴状,溶洞,新生代,溶洞发育良好，钟乳石和石笋丰富,马来西亚姆鲁溶洞是新生代溶洞，发育良好，钟乳石和石笋丰富，是研究岩溶地貌的重要地区。,1
487,马来西亚天坑,114,4,坑状,天坑,新生代,天坑发育良好，坑壁陡峭,马来西亚天坑是新生代天坑，发育良好，坑壁陡峭，是研究岩溶地貌的重要地区。,1
60,马荣火山,123,13,锥状,火山,新生代,火山口保存完整，周围发育熔岩流,马荣火山是新生代火山，火山口保存完整，周围发育熔岩流，是研究火山活动的重要地区。,1
205,金华,119.65,29.08,不规则区域,褶皱,二叠纪,复式褶皱发育，褶皱核部地层变形强烈,马荣火山是新生代火山，火山口保存完整，周围发育熔岩流，是研究火山活动的重要地区。,0
459,马荣天池火山,123,13,锥状,火山,新生代,火山口保存完整，周围发育熔岩流,马荣天池火山是新生代火山，火山口保存完整，周围发育熔岩流，是研究火山活动的重要地区。,1
189,德国里斯陨石坑,10,49,坑状,陨石坑,古生代,陨石坑保存完整，周围发育撞击构造,马荣天池火山是新生代火山，火山口保存完整，周围发育熔岩流，是研究火山活动的重要地区。,0
374,满洲里,152.23,72.12,不规则区域,断层,白垩纪,逆冲断层发育，断层带内构造角砾岩发育,满洲里地区发育白垩纪逆冲断层，断层带内构造角砾岩发育，断层两侧地层有明显挤压变形，对区域构造运动有重要指示意义。,1
111,戈壁砾质层,100,45,面状,砾质,新生代,砾质层发育良好，砾石成分多样,满洲里地区发育白垩纪逆冲断层，断层带内构造角砾岩发育，断层两侧地层有明显挤压变形，对区域构造运动有重要指示意义。,0
360,毛登,138.45,65.12,不规则区域,褶皱,二叠纪,发育多组褶皱构造，地层倾角变化大,毛登地区发育二叠纪褶皱构造，地层倾角变化明显，褶皱核部可见多期变形叠加，是研究区域构造演化的重要地区。,1
67,撒哈拉地下水体,20,25,面状,地下水体,古生代,地下水体丰富，水质良好,毛登地区发育二叠纪褶皱构造，地层倾角变化明显，褶皱核部可见多期变形叠加，是研究区域构造演化的重要地区。,0
181,美国巴林杰陨石坑,112,35,坑状,陨石坑,新生代,陨石坑保存完整，周围发育撞击构造,美国巴林杰陨石坑是新生代陨石坑，保存完整，周围发育撞击构造，是研究陨石撞击的重要地区。,1
151,美国大峡谷,112,36,峡谷状,峡谷,新生代,峡谷深切，发育多级阶地,美国大峡谷是新生代峡谷，深切明显，发育多级阶地，是研究河流地貌演化的重要地区。,1
169,美国黄石熔岩流,110,44,线状,熔岩流,新生代,熔岩流发育良好，流纹清晰,美国黄石熔岩流是新生代熔岩流，发育良好，流纹清晰，是研究火山活动的重要地区。,1
191,美国拉布雷亚沥青坑,118,34,坑状,化石层,新生代,化石层发育良好，保存大量古生物化石,美国拉布雷亚沥青坑是新生代化石层，发育良好，保存大量古生物化石，是研究生命演化的重要地区。,1
112,撒哈拉沙漠砾质层,20,25,面状,砾质,古生代,砾质层发育良好，砾石成分多样,美国拉布雷亚沥青坑是新生代化石层，发育良好，保存大量古生物化石，是研究生命演化的重要地区。,0
135,美国蒙大拿州化石层,111,47,层状,化石层,白垩纪,化石层发育良好，保存大量古生物化石,美国蒙大拿州化石层是白垩纪化石层，发育良好，保存大量古生物化石，是研究生命演化的重要地区。,1
90,美国猛犸溶洞,117,37,洞穴状,溶洞,新生代,溶洞发育良好，钟乳石和石笋丰富,美国猛犸溶洞是新生代溶洞，发育良好，钟乳石和石笋丰富，是研究岩溶地貌的重要地区。,1
152,澳大利亚大堡礁,148,-18,线状,海滩,新生代,海滩发育良好，珊瑚礁丰富,美国圣安德烈亚斯断层地震是新生代地震，断裂带发育良好，地震活动频繁，是研究地震地质的重要地区。,0
80,美国圣安德烈亚斯断层地震,122,37,线状,地震断裂,新生代,断裂带发育良好，地震活动频繁,美国圣安德烈亚斯断层地震是新生代地震，断裂带发育良好，地震活动频繁，是研究地震地质的重要地区。,1
99,美国圣海伦斯火山口,122,46,坑状,火山口,新生代,火山口保存完整，周围发育熔岩流,美国圣海伦斯火山口是新生代火山口，保存完整，周围发育熔岩流，是研究火山活动的重要地区。,1
372,建设屯,150.45,71.12,不规则区域,褶皱,二叠纪,发育多组褶皱构造，地层倾角变化大,美国天坑是新生代天坑，发育良好，坑壁陡峭，是研究岩溶地貌的重要地区。,0
488,美国天坑,117,37,坑状,天坑,新生代,天坑发育良好，坑壁陡峭,美国天坑是新生代天坑，发育良好，坑壁陡峭，是研究岩溶地貌的重要地区。,1
16,黄山花岗岩体,118,30,块状,岩体,中生代,花岗岩岩体，岩体呈穹状产出,蒙古戈壁恐龙化石群是白垩纪化石层，发育良好，保存大量恐龙化石，是研究恐龙演化的重要地区。,0
268,凤县,106.56,34.12,不规则区域,岩体,白垩纪,花岗岩岩体，岩体呈穹状产出,蒙古戈壁恐龙化石群是白垩纪化石层，发育良好，保存大量恐龙化石，是研究恐龙演化的重要地区。,0
199,蒙古戈壁恐龙化石群,105,45,层状,化石层,白垩纪,化石层发育良好，保存大量恐龙化石,蒙古戈壁恐龙化石群是白垩纪化石层，发育良好，保存大量恐龙化石，是研究恐龙演化的重要地区。,1
456,克拉卡托天池火山,105,-6,锥状,火山,新生代,火山口保存完整，周围发育熔岩流,蒙古戈壁恐龙化石群是白垩纪化石层，发育良好，保存大量恐龙化石，是研究恐龙演化的重要地区。,0
107,亚马逊河三角洲,60,-3,三角洲状,三角洲,新生代,三角洲沉积物丰富，岩性以砂土和泥质为主,蒙古戈壁恐龙化石群是白垩纪化石层，发育良好，保存大量恐龙化石，是研究恐龙演化的重要地区。,0
49,密西西比河谷,90,33,线状,河谷,新生代,河谷深切，发育多级阶地,密西西比河谷是新生代河谷，深切明显，发育多级阶地，是研究河流地貌演化的重要地区。,1
334,安西县,112.12,52.12,不规则区域,断层,白垩纪,逆冲断层发育，断层带内构造角砾岩发育,密西西比河泥质层是新生代泥质层，发育良好，土壤肥沃，是研究地表基质的重要地区。,0
317,秋格明塔什,95.34,43.56,不规则区域,岩层,二叠纪,海相沉积岩层，岩性以灰岩和泥灰岩为主,密西西比河泥质层是新生代泥质层，发育良好，土壤肥沃，是研究地表基质的重要地区。,0
118,密西西比河泥质层,90,30,面状,泥质,新生代,泥质层发育良好，土壤肥沃,密西西比河泥质层是新生代泥质层，发育良好，土壤肥沃，是研究地表基质的重要地区。,1
337,贝尔湖,115.12,53.78,不规则区域,岩层,二叠纪,海相沉积岩层，岩性以灰岩和泥灰岩为主,密西西比河三角洲冲积扇是新生代冲积扇，沉积物丰富，岩性以砾石和砂土为主，是研究沉积环境的重要地区。,0
219,石板井,114.78,37.98,不规则区域,岩层,侏罗纪,水平岩层发育，岩性以砂岩和页岩为主,密西西比河三角洲冲积扇是新生代冲积扇，沉积物丰富，岩性以砾石和砂土为主，是研究沉积环境的重要地区。,0
104,密西西比河三角洲,90,30,三角洲状,三角洲,新生代,三角洲沉积物丰富，岩性以砂土和泥质为主,密西西比河三角洲是新生代三角洲，沉积物丰富，岩性以砂土和泥质为主，是研究沉积环境的重要地区。,1
138,德国索伦霍芬化石层,10,48,层状,化石层,侏罗纪,化石层发育良好，保存大量古生物化石,密西西比河三角洲是新生代三角洲，沉积物丰富，岩性以砂土和泥质为主，是研究沉积环境的重要地区。,0
448,密西西比河上游河谷,90,33,线状,河谷,新生代,河谷深切，发育多级阶地,密西西比河上游河谷是新生代河谷，深切明显，发育多级阶地，是研究河流地貌演化的重要地区。,1
139,摩洛哥卡姆凯姆化石层,13,30,层状,化石层,白垩纪,化石层发育良好，保存大量古生物化石,摩洛哥卡姆凯姆化石层是白垩纪化石层，发育良好，保存大量古生物化石，是研究生命演化的重要地区。,1
169,美国黄石熔岩流,110,44,线状,熔岩流,新生代,熔岩流发育良好，流纹清晰,摩洛哥卡姆凯姆化石群是白垩纪化石层，发育良好，保存大量古生物化石，是研究生命演化的重要地区。,0
196,摩洛哥卡姆凯姆化石群,13,30,层状,化石层,白垩纪,化石层发育良好，保存大量古生物化石,摩洛哥卡姆凯姆化石群是白垩纪化石层，发育良好，保存大量古生物化石，是研究生命演化的重要地区。,1
397,漠河,175.12,83.78,不规则区域,岩层,二叠纪,海相沉积岩层，岩性以灰岩和泥灰岩为主,漠河地区发育二叠纪海相沉积岩层，岩性以灰岩和泥灰岩为主，局部可见珊瑚礁遗迹，是研究古海洋环境的重要地区。,1
2,郯庐断裂带,118.5,35,线状,断裂带,中生代,左旋走滑断层，断层带内发育大量构造岩,漠河地区发育二叠纪海相沉积岩层，岩性以灰岩和泥灰岩为主，局部可见珊瑚礁遗迹，是研究古海洋环境的重要地区。,0
271,漳腊,109.56,35.78,不规则区域,岩层,二叠纪,海相沉积岩层，岩性以灰岩和泥灰岩为主,漠河地区发育二叠纪海相沉积岩层，岩性以灰岩和泥灰岩为主，局部可见珊瑚礁遗迹，是研究古海洋环境的重要地区。,0
394,白桦林场,172.12,82.12,不规则区域,断层,白垩纪,高角度正断层，断层带内发育构造角砾岩,墨西哥波波卡特佩特火山口是新生代火山口，保存完整，周围发育熔岩流，是研究火山活动的重要地区。,0
300,盂县,113.56,38.23,不规则区域,岩体,白垩纪,花岗岩岩体，岩体呈穹状产出,墨西哥波波卡特佩特火山口是新生代火山口，保存完整，周围发育熔岩流，是研究火山活动的重要地区。,0
98,墨西哥波波卡特佩特火山口,19,19,坑状,火山口,新生代,火山口保存完整，周围发育熔岩流,墨西哥波波卡特佩特火山口是新生代火山口，保存完整，周围发育熔岩流，是研究火山活动的重要地区。,1
167,墨西哥帕里库廷熔岩流,102,19,线状,熔岩流,新生代,熔岩流发育良好，流纹清晰,墨西哥帕里库廷熔岩流是新生代熔岩流，发育良好，流纹清晰，是研究火山活动的重要地区。,1
98,墨西哥波波卡特佩特火山口,19,19,坑状,火山口,新生代,火山口保存完整，周围发育熔岩流,墨西哥帕里库廷熔岩流是新生代熔岩流，发育良好，流纹清晰，是研究火山活动的重要地区。,0
425,贵州银矿床,106,27,块状,金属矿床,古生代,银矿床，矿石以石英脉型银矿为主,墨西哥奇克苏鲁布陨石坑是新生代陨石坑，保存完整，周围发育撞击构造，是研究陨石撞击的重要地区。,0
122,墨西哥奇克苏鲁布陨石坑,89,21,坑状,陨石坑,新生代,陨石坑保存完整，周围发育撞击构造,墨西哥奇克苏鲁布陨石坑是新生代陨石坑，保存完整，周围发育撞击构造，是研究陨石撞击的重要地区。,1
186,墨西哥奇克苏鲁布陨石坑,89,21,坑状,陨石坑,新生代,陨石坑保存完整，周围发育撞击构造,墨西哥奇克苏鲁布陨石坑是新生代陨石坑，保存完整，周围发育撞击构造，是研究陨石撞击的重要地区。,1
184,南非弗里德堡陨石坑,27,-29,坑状,陨石坑,古生代,陨石坑保存完整，周围发育撞击构造,墨西哥奇克苏鲁布陨石坑是新生代陨石坑，保存完整，周围发育撞击构造，是研究陨石撞击的重要地区。,0
93,夏威夷基拉韦厄火山口,155,19,坑状,火山口,新生代,火山口保存完整，周围发育熔岩流,墨西哥熔岩流是新生代熔岩流，发育良好，流纹清晰，是研究火山活动的重要地区。,0
80,美国圣安德烈亚斯断层地震,122,37,线状,地震断裂,新生代,断裂带发育良好，地震活动频繁,墨西哥熔岩流是新生代熔岩流，发育良好，流纹清晰，是研究火山活动的重要地区。,0
497,墨西哥熔岩流,102,19,线状,熔岩流,新生代,熔岩流发育良好，流纹清晰,墨西哥熔岩流是新生代熔岩流，发育良好，流纹清晰，是研究火山活动的重要地区。,1
282,山河镇,120.45,41.12,不规则区域,岩体,白垩纪,花岗岩岩体，岩体呈穹状产出,墨西哥天坑是新生代天坑，发育良好，坑壁陡峭，是研究岩溶地貌的重要地区。,0
484,墨西哥天坑,89,21,坑状,天坑,新生代,天坑发育良好，坑壁陡峭,墨西哥天坑是新生代天坑，发育良好，坑壁陡峭，是研究岩溶地貌的重要地区。,1
86,墨西哥尤卡坦溶洞,89,21,洞穴状,溶洞,新生代,溶洞发育良好，钟乳石和石笋丰富,墨西哥尤卡坦溶洞是新生代溶洞，发育良好，钟乳石和石笋丰富，是研究岩溶地貌的重要地区。,1
301,靖边,109.45,37.89,不规则区域,断层,三叠纪,逆冲断层发育，断层带内构造角砾岩发育,南非弗里德堡陨石坑是古生代陨石坑，保存完整，周围发育撞击构造，是研究陨石撞击的重要地区。,0
184,南非弗里德堡陨石坑,27,-29,坑状,陨石坑,古生代,陨石坑保存完整，周围发育撞击构造,南非弗里德堡陨石坑是古生代陨石坑，保存完整，周围发育撞击构造，是研究陨石撞击的重要地区。,1
369,扎赉特旗,147.45,69.78,不规则区域,岩层,二叠纪,海相沉积岩层，岩性以灰岩和泥灰岩为主,南极洲冰盖是新生代冰盖，发育良好，冰川地貌丰富，是研究冰川作用的重要地区。,0
99,美国圣海伦斯火山口,122,46,坑状,火山口,新生代,火山口保存完整，周围发育熔岩流,南极洲冰盖是新生代冰盖，发育良好，冰川地貌丰富，是研究冰川作用的重要地区。,0
207,高安,115.28,28.23,不规则区域,岩层,二叠纪,海相沉积岩层，岩性以灰岩和泥灰岩为主,南极洲冰盖是新生代冰盖，发育良好，冰川地貌丰富，是研究冰川作用的重要地区。,0
164,印度尼西亚梅拉皮熔岩流,110,-7,线状,熔岩流,新生代,熔岩流发育良好，流纹清晰,南极洲冰盖是新生代冰盖，发育良好，冰川地貌丰富，是研究冰川作用的重要地区。,0
122,墨西哥奇克苏鲁布陨石坑,89,21,坑状,陨石坑,新生代,陨石坑保存完整，周围发育撞击构造,南极洲冰盖是新生代冰盖，发育良好，冰川地貌丰富，是研究冰川作用的重要地区。,0
150,南极洲冰盖,0,-90,面状,冰盖,新生代,冰盖发育良好，冰川地貌丰富,南极洲冰盖是新生代冰盖，发育良好，冰川地貌丰富，是研究冰川作用的重要地区。,1
172,南极洲冰盖,0,-90,面状,冰盖,新生代,冰盖发育良好，冰川地貌丰富,南极洲冰盖是新生代冰盖，发育良好，冰川地貌丰富，是研究冰川作用的重要地区。,1
221,建国营,116.12,36.87,不规则区域,岩体,白垩纪,花岗岩岩体，岩体呈穹状产出,南极洲恐龙化石群是白垩纪化石层，发育良好，保存大量恐龙化石，是研究恐龙演化的重要地区。,0
200,南极洲恐龙化石群,0,-90,层状,化石层,白垩纪,化石层发育良好，保存大量恐龙化石,南极洲恐龙化石群是白垩纪化石层，发育良好，保存大量恐龙化石，是研究恐龙演化的重要地区。,1
124,南极洲威尔克斯地陨石坑,140,-65,坑状,陨石坑,古生代,陨石坑保存完整，周围发育撞击构造,南极洲威尔克斯地陨石坑是古生代陨石坑，保存完整，周围发育撞击构造，是研究陨石撞击的重要地区。,1
187,南极洲威尔克斯地陨石坑,140,-65,坑状,陨石坑,古生代,陨石坑保存完整，周围发育撞击构造,南极洲威尔克斯地陨石坑是古生代陨石坑，保存完整，周围发育撞击构造，是研究陨石撞击的重要地区。,1
496,日本熔岩流,130,31,线状,熔岩流,新生代,熔岩流发育良好，流纹清晰,南极洲威尔克斯地陨石坑是古生代陨石坑，保存完整，周围发育撞击构造，是研究陨石撞击的重要地区。,0
280,南江,118.12,40.12,不规则区域,岩层,二叠纪,海相沉积岩层，岩性以灰岩和泥灰岩为主,南极洲威尔克斯地陨石坑是古生代陨石坑，保存完整，周围发育撞击构造，是研究陨石撞击的重要地区。,0
81,桂林溶洞,110,25,洞穴状,溶洞,新生代,溶洞发育良好，钟乳石和石笋丰富,南极洲威尔克斯地陨石坑是古生代陨石坑，保存完整，周围发育撞击构造，是研究陨石撞击的重要地区。,0
23,攀枝花钒钛磁铁矿床,101,26,块状,金属矿床,古生代,钒钛磁铁矿床，矿石富含钒和钛,南极洲威尔克斯地陨石坑是古生代陨石坑，保存完整，周围发育撞击构造，是研究陨石撞击的重要地区。,0
371,贝尔卡,149.23,70.78,不规则区域,岩体,白垩纪,花岗岩岩体，岩体呈穹状产出,南江地区发育二叠纪海相沉积岩层，岩性以灰岩和泥灰岩为主，局部可见珊瑚礁遗迹，是研究古海洋环境的重要地区。,0
280,南江,118.12,40.12,不规则区域,岩层,二叠纪,海相沉积岩层，岩性以灰岩和泥灰岩为主,南江地区发育二叠纪海相沉积岩层，岩性以灰岩和泥灰岩为主，局部可见珊瑚礁遗迹，是研究古海洋环境的重要地区。,1
441,黄河上游河谷,104,36,线状,河谷,新生代,河谷深切，发育多级阶地,南江地区发育二叠纪海相沉积岩层，岩性以灰岩和泥灰岩为主，局部可见珊瑚礁遗迹，是研究古海洋环境的重要地区。,0
159,南美亚马逊盆地,60,-3,盆地状,盆地,新生代,盆地沉积物丰富，岩性以砂岩和页岩为主,南美亚马逊盆地是新生代盆地，沉积物丰富，岩性以砂岩和页岩为主，是研究沉积环境的重要地区。,1
154,南美伊瓜苏瀑布,54,-26,线状,瀑布,新生代,瀑布落差大，水流湍急,南美伊瓜苏瀑布是新生代瀑布，落差大，水流湍急，是研究河流地貌演化的重要地区。,1
134,内蒙古二连浩特化石层,112,43,层状,化石层,白垩纪,化石层发育良好，保存大量古生物化石,内蒙古二连浩特化石层是白垩纪化石层，发育良好，保存大量古生物化石，是研究生命演化的重要地区。,1
427,内蒙古金矿层,110,40,层状,矿层,古生代,金矿层，矿石以石英脉型金矿为主,内蒙古金矿层是古生代金矿层，矿石以石英脉型金矿为主，是中国重要的金矿资源地。,1
484,墨西哥天坑,89,21,坑状,天坑,新生代,天坑发育良好，坑壁陡峭,内蒙古金矿层是古生代金矿层，矿石以石英脉型金矿为主，是中国重要的金矿资源地。,0
28,内蒙古煤矿层,110,40,层状,矿层,古生代,煤矿层，煤质以褐煤为主,内蒙古煤矿层是古生代煤矿层，煤质以褐煤为主，是中国重要的煤炭资源地。,1
267,成县,105.98,33.78,不规则区域,断层,白垩纪,高角度正断层，断层带内发育构造角砾岩,内蒙古煤矿层是古生代煤矿层，煤质以褐煤为主，是中国重要的煤炭资源地。,0
15,四川盆地岩层,104,30,面状,岩层,中生代,海相沉积岩层，岩性以灰岩和泥灰岩为主,内蒙古煤矿层是古生代煤矿层，煤质以褐煤为主，是中国重要的煤炭资源地。,0
123,加拿大萨德伯里陨石坑,81,46,坑状,陨石坑,古生代,陨石坑保存完整，周围发育撞击构造,内蒙古煤矿层是古生代煤矿层，煤质以褐煤为主，是中国重要的煤炭资源地。,0
409,乌拉尔山脉断裂带,60,60,线状,断裂带,新生代,逆冲断层发育，断层带内构造角砾岩丰富,尼罗河泥质层是新生代泥质层，发育良好，土壤肥沃，是研究地表基质的重要地区。,0
119,尼罗河泥质层,31,31,面状,泥质,新生代,泥质层发育良好，土壤肥沃,尼罗河泥质层是新生代泥质层，发育良好，土壤肥沃，是研究地表基质的重要地区。,1
181,美国巴林杰陨石坑,112,35,坑状,陨石坑,新生代,陨石坑保存完整，周围发育撞击构造,尼罗河三角洲冲积扇是新生代冲积扇，沉积物丰富，岩性以砾石和砂土为主，是研究沉积环境的重要地区。,0
226,拐子湖,116.34,41.78,不规则区域,盆地,白垩纪,盆地沉积物丰富，岩性以砂岩和泥岩为主,尼罗河三角洲是新生代三角洲，沉积物丰富，岩性以砂土和泥质为主，是研究沉积环境的重要地区。,0
105,尼罗河三角洲,31,31,三角洲状,三角洲,新生代,三角洲沉积物丰富，岩性以砂土和泥质为主,尼罗河三角洲是新生代三角洲，沉积物丰富，岩性以砂土和泥质为主，是研究沉积环境的重要地区。,1
149,大西洋海岭,30,0,线状,海岭,新生代,海岭发育良好，火山活动频繁,尼罗河三角洲是新生代三角洲，沉积物丰富，岩性以砂土和泥质为主，是研究沉积环境的重要地区。,0
375,胡列也吐湖,153.45,72.78,不规则区域,岩体,白垩纪,花岗岩岩体，岩体呈穹状产出,牛圈子地区发育白垩纪花岗岩岩体，岩体呈穹状产出，内部结构复杂，可见多期岩浆侵入的证据。,0
217,牛圈子,112.45,39.01,不规则区域,岩体,白垩纪,花岗岩岩体，岩体呈穹状产出,牛圈子地区发育白垩纪花岗岩岩体，岩体呈穹状产出，内部结构复杂，可见多期岩浆侵入的证据。,1
445,怒江上游河谷,98,28,线状,河谷,新生代,河谷深切，发育多级阶地,怒江上游河谷是新生代河谷，深切明显，发育多级阶地，是研究河流地貌演化的重要地区。,1
353,吉尔嘎郎图,131.23,61.78,不规则区域,岩层,二叠纪,海相沉积岩层，岩性以灰岩和泥灰岩为主,怒江峡谷是新生代峡谷，深切明显，发育多级阶地，是研究河流地貌演化的重要地区。,0
46,怒江峡谷,98,28,线状,峡谷,新生代,峡谷深切，发育多级阶地,怒江峡谷是新生代峡谷，深切明显，发育多级阶地，是研究河流地貌演化的重要地区。,1
466,撒哈拉地下水体,20,25,面状,地下水体,古生代,地下水体丰富，水质良好,怒江峡谷是新生代峡谷，深切明显，发育多级阶地，是研究河流地貌演化的重要地区。,0
177,挪威冰川,10,60,线状,冰川,新生代,冰川发育良好，冰川地貌丰富,挪威冰川是新生代冰川，发育良好，冰川地貌丰富，是研究冰川作用的重要地区。,1
157,欧洲多瑙河三角洲,29,45,三角洲状,三角洲,新生代,三角洲沉积物丰富，岩性以砂土和泥质为主,欧洲多瑙河三角洲是新生代三角洲，沉积物丰富，岩性以砂土和泥质为主，是研究沉积环境的重要地区。,1
498,新西兰熔岩流,175,-39,线状,熔岩流,新生代,熔岩流发育良好，流纹清晰,攀枝花钒钛磁铁矿床是古生代矿床，矿石富含钒和钛，是中国重要的钒钛资源地。,0
224,后红泉,114.78,39.56,不规则区域,岩层,二叠纪,海相沉积岩层，岩性以灰岩和泥灰岩为主,攀枝花钒钛磁铁矿床是古生代矿床，矿石富含钒和钛，是中国重要的钒钛资源地。,0
23,攀枝花钒钛磁铁矿床,101,26,块状,金属矿床,古生代,钒钛磁铁矿床，矿石富含钒和钛,攀枝花钒钛磁铁矿床是古生代矿床，矿石富含钒和钛，是中国重要的钒钛资源地。,1
422,攀枝花铜矿床,101,26,块状,金属矿床,古生代,铜矿床，矿石以黄铜矿为主,攀枝花铜矿床是古生代铜矿床，矿石以黄铜矿为主，是中国重要的铜矿资源地。,1
95,意大利维苏威火山口,14,40,坑状,火山口,新生代,火山口保存完整，周围发育熔岩流,攀枝花铜矿床是古生代铜矿床，矿石以黄铜矿为主，是中国重要的铜矿资源地。,0
358,阿巴嘎旗,136.12,64.12,不规则区域,断层,白垩纪,逆冲断层发育，断层带内构造角砾岩发育,平武地区发育二叠纪复式褶皱，褶皱核部地层变形强烈，褶皱形态复杂，是研究区域构造演化的重要地区。,0
278,平武,116.56,39.12,不规则区域,褶皱,二叠纪,复式褶皱发育，褶皱核部地层变形强烈,平武地区发育二叠纪复式褶皱，褶皱核部地层变形强烈，褶皱形态复杂，是研究区域构造演化的重要地区。,1
475,海地泥石流,72,19,线状,泥石流,新生代,泥石流发育频繁，沟谷堆积物丰富,平武地区发育二叠纪复式褶皱，褶皱核部地层变形强烈，褶皱形态复杂，是研究区域构造演化的重要地区。,0
294,平型关,132.45,47.12,不规则区域,断层,白垩纪,高角度正断层，断层带内发育构造角砾岩,平型关地区发育高角度正断层，断层带内构造角砾岩发育，断层两侧地层有明显错动，对区域构造运动有重要指示意义。,1
311,平遥,112.12,37.98,不规则区域,岩体,白垩纪,花岗岩岩体，岩体呈穹状产出,平遥地区发育白垩纪花岗岩岩体，岩体呈穹状产出，内部结构复杂，可见多期岩浆侵入的证据。,1
109,祁连山冲积扇,99,37,扇状,冲积扇,新生代,冲积扇沉积物丰富，岩性以砾石和砂土为主,祁连山冲积扇是新生代冲积扇，沉积物丰富，岩性以砾石和砂土为主，是研究沉积环境的重要地区。,1
8,祁连山断裂带,99.5,37.5,线状,断裂带,新生代,逆冲断层与褶皱构造发育，地层变形强烈,祁连山断裂带是中国西北地区的重要构造带，由多条逆冲断层组成，褶皱构造发育。,1
343,塔日根敖包,121.12,56.78,不规则区域,岩体,白垩纪,花岗岩岩体，岩体呈穹状产出,祁连山褶皱带是新生代褶皱带，由多组褶皱构造组成，地层变形强烈。,0
401,祁连山褶皱带,99,37,带状,褶皱,新生代,发育多组复式褶皱，地层倾角变化大,祁连山褶皱带是新生代褶皱带，由多组褶皱构造组成，地层变形强烈。,1
373,海拉恨山,151.12,71.78,不规则区域,岩层,二叠纪,海相沉积岩层，岩性以灰岩和泥灰岩为主,前好立保地区发育高角度正断层，断层带内构造角砾岩发育，断层两侧地层有明显错动，对区域构造运动有重要指示意义。,0
370,前好立保,148.12,70.12,不规则区域,断层,白垩纪,高角度正断层，断层带内发育构造角砾岩,前好立保地区发育高角度正断层，断层带内构造角砾岩发育，断层两侧地层有明显错动，对区域构造运动有重要指示意义。,1
427,内蒙古金矿层,110,40,层状,矿层,古生代,金矿层，矿石以石英脉型金矿为主,前好立保地区发育高角度正断层，断层带内构造角砾岩发育，断层两侧地层有明显错动，对区域构造运动有重要指示意义。,0
155,北美尼亚加拉瀑布,79,43,线状,瀑布,新生代,瀑布落差大，水流湍急,前好立保地区发育高角度正断层，断层带内构造角砾岩发育，断层两侧地层有明显错动，对区域构造运动有重要指示意义。,0
10,秦岭断裂带,109,34,线状,断裂带,新生代,逆冲断层发育，断层带内构造角砾岩丰富,秦岭断裂带是中国中部的重要构造带，由多条逆冲断层组成，对区域构造演化有重要意义。,1
402,秦岭褶皱带,109,34,带状,褶皱,新生代,发育多组复式褶皱，地层倾角变化大,秦岭褶皱带是新生代褶皱带，由多组褶皱构造组成，地层变形强烈。,1
126,青藏高原冰川遗迹,90,30,面状,冰川遗迹,新生代,冰川遗迹发育良好，冰川地貌丰富,青藏高原冰川遗迹是新生代冰川遗迹，发育良好，冰川地貌丰富，是研究冰川作用的重要地区。,1
241,庆格勒图,131.34,56.12,不规则区域,岩层,二叠纪,海相沉积岩层，岩性以灰岩和泥灰岩为主,庆格勒图地区发育二叠纪海相沉积岩层，岩性以灰岩和泥灰岩为主，局部可见珊瑚礁遗迹，是研究古海洋环境的重要地区。,1
317,秋格明塔什,95.34,43.56,不规则区域,岩层,二叠纪,海相沉积岩层，岩性以灰岩和泥灰岩为主,秋格明塔什地区发育二叠纪海相沉积岩层，岩性以灰岩和泥灰岩为主，局部可见珊瑚礁遗迹，是研究古海洋环境的重要地区。,1
259,曲麻莱县旧址,100.12,31.56,不规则区域,断层,白垩纪,逆冲断层发育，断层带内构造角砾岩发育,曲麻莱县旧址地区发育白垩纪逆冲断层，断层带内构造角砾岩发育，断层两侧地层有明显挤压变形，对区域构造运动有重要指示意义。,1
204,衢县,118.38,28.97,不规则区域,岩体,白垩纪,花岗岩岩体，岩体呈穹状产出,衢县地区发育白垩纪花岗岩岩体，岩体呈穹状产出，内部结构复杂，可见多期岩浆侵入的证据。,1
303,绥德,110.12,37.98,不规则区域,褶皱,二叠纪,发育多组褶皱构造，地层倾角变化大,衢县地区发育白垩纪花岗岩岩体，岩体呈穹状产出，内部结构复杂，可见多期岩浆侵入的证据。,0
71,舟曲滑坡,104,34,面状,滑坡,新生代,滑坡体发育良好，滑动面明显,衢县地区发育白垩纪花岗岩岩体，岩体呈穹状产出，内部结构复杂，可见多期岩浆侵入的证据。,0
29,新疆铜矿床,87,44,块状,金属矿床,中生代,铜矿床，矿石以黄铜矿为主,衢县地区发育白垩纪花岗岩岩体，岩体呈穹状产出，内部结构复杂，可见多期岩浆侵入的证据。,0
77,日本福岛地震断裂带,141,37,线状,地震断裂,新生代,断裂带发育良好，地震活动频繁,日本福岛地震断裂带是新生代断裂带，发育良好，地震活动频繁，是研究地震地质的重要地区。,1
385,新巴尔虎左旗,163.12,77.78,不规则区域,岩层,二叠纪,海相沉积岩层，岩性以灰岩和泥灰岩为主,日本福岛泥石流是新生代泥石流，发育频繁，沟谷堆积物丰富，是研究地质灾害的重要地区。,0
476,日本福岛泥石流,141,37,线状,泥石流,新生代,泥石流发育频繁，沟谷堆积物丰富,日本福岛泥石流是新生代泥石流，发育频繁，沟谷堆积物丰富，是研究地质灾害的重要地区。,1
128,落基山冰川遗迹,115,45,面状,冰川遗迹,新生代,冰川遗迹发育良好，冰川地貌丰富,日本福岛泥石流是新生代泥石流，发育频繁，沟谷堆积物丰富，是研究地质灾害的重要地区。,0
496,日本熔岩流,130,31,线状,熔岩流,新生代,熔岩流发育良好，流纹清晰,日本熔岩流是新生代熔岩流，发育良好，流纹清晰，是研究火山活动的重要地区。,1
166,日本樱岛熔岩流,130,31,线状,熔岩流,新生代,熔岩流发育良好，流纹清晰,日本樱岛熔岩流是新生代熔岩流，发育良好，流纹清晰，是研究火山活动的重要地区。,1
486,越南天坑,107,20,坑状,天坑,新生代,天坑发育良好，坑壁陡峭,日本樱岛熔岩流是新生代熔岩流，发育良好，流纹清晰，是研究火山活动的重要地区。,0
209,上饶,117.98,28.43,不规则区域,岩体,白垩纪,花岗岩岩体，岩体呈穹状产出,撒哈拉地下水体是古生代地下水体，丰富且水质良好，是研究地下水循环的重要地区。,0
67,撒哈拉地下水体,20,25,面状,地下水体,古生代,地下水体丰富，水质良好,撒哈拉地下水体是古生代地下水体，丰富且水质良好，是研究地下水循环的重要地区。,1
466,撒哈拉地下水体,20,25,面状,地下水体,古生代,地下水体丰富，水质良好,撒哈拉地下水体是古生代地下水体，丰富且水质良好，是研究地下水循环的重要地区。,1
187,南极洲威尔克斯地陨石坑,140,-65,坑状,陨石坑,古生代,陨石坑保存完整，周围发育撞击构造,撒哈拉沙漠砾质层是古生代砾质层，发育良好，砾石成分多样，是研究地表基质的重要地区。,0
120,恒河泥质层,89,22,面状,泥质,新生代,泥质层发育良好，土壤肥沃,撒哈拉沙漠砾质层是古生代砾质层，发育良好，砾石成分多样，是研究地表基质的重要地区。,0
112,撒哈拉沙漠砾质层,20,25,面状,砾质,古生代,砾质层发育良好，砾石成分多样,撒哈拉沙漠砾质层是古生代砾质层，发育良好，砾石成分多样，是研究地表基质的重要地区。,1
236,三道桥,126.34,51.78,不规则区域,盆地,白垩纪,盆地沉积物丰富，岩性以砂岩和泥岩为主,三道桥地区发育白垩纪盆地，盆地沉积物丰富，岩性以砂岩和泥岩为主，是研究古环境的重要地区。,1
182,加拿大萨德伯里陨石坑,81,46,坑状,陨石坑,古生代,陨石坑保存完整，周围发育撞击构造,三道桥地区发育白垩纪盆地，盆地沉积物丰富，岩性以砂岩和泥岩为主，是研究古环境的重要地区。,0
232,拐子湖南,122.56,47.78,不规则区域,岩层,二叠纪,海相沉积岩层，岩性以灰岩和泥灰岩为主,沙尔沟特地区发育二叠纪褶皱构造，地层倾角变化明显，褶皱核部可见多期变形叠加，是研究区域构造演化的重要地区。,0
340,沙尔沟特,118.12,55.12,不规则区域,褶皱,二叠纪,发育多组褶皱构造，地层倾角变化大,沙尔沟特地区发育二叠纪褶皱构造，地层倾角变化明显，褶皱核部可见多期变形叠加，是研究区域构造演化的重要地区。,1
233,沙拉套尔汉,123.78,48.12,不规则区域,岩体,白垩纪,花岗岩岩体，岩体呈穹状产出,沙拉套尔汉地区发育白垩纪花岗岩岩体，岩体呈穹状产出，内部结构复杂，可见多期岩浆侵入的证据。,1
335,沙鲁敖包,113.23,52.78,不规则区域,岩体,白垩纪,花岗岩岩体，岩体呈穹状产出,沙鲁敖包地区发育白垩纪花岗岩岩体，岩体呈穹状产出，内部结构复杂，可见多期岩浆侵入的证据。,1
278,平武,116.56,39.12,不规则区域,褶皱,二叠纪,复式褶皱发育，褶皱核部地层变形强烈,沙泉子地区发育白垩纪花岗岩岩体，岩体呈穹状产出，内部结构复杂，可见多期岩浆侵入的证据。,0
327,沙泉子,105.12,48.78,不规则区域,岩体,白垩纪,花岗岩岩体，岩体呈穹状产出,沙泉子地区发育白垩纪花岗岩岩体，岩体呈穹状产出，内部结构复杂，可见多期岩浆侵入的证据。,1
262,雁石坪,103.12,31.56,不规则区域,岩脉,三叠纪,辉绿岩岩脉，岩脉呈脉状产出,沙泉子地区发育白垩纪花岗岩岩体，岩体呈穹状产出，内部结构复杂，可见多期岩浆侵入的证据。,0
282,山河镇,120.45,41.12,不规则区域,岩体,白垩纪,花岗岩岩体，岩体呈穹状产出,山河镇地区发育白垩纪花岗岩岩体，岩体呈穹状产出，内部结构复杂，可见多期岩浆侵入的证据。,1
494,印度尼西亚熔岩流,110,-7,线状,熔岩流,新生代,熔岩流发育良好，流纹清晰,山河镇地区发育白垩纪花岗岩岩体，岩体呈穹状产出，内部结构复杂，可见多期岩浆侵入的证据。,0
426,山西金矿层,112,37,层状,矿层,古生代,金矿层，矿石以石英脉型金矿为主,山西金矿层是古生代金矿层，矿石以石英脉型金矿为主，是中国重要的金矿资源地。,1
448,密西西比河上游河谷,90,33,线状,河谷,新生代,河谷深切，发育多级阶地,山西金矿层是古生代金矿层，矿石以石英脉型金矿为主，是中国重要的金矿资源地。,0
27,山西煤矿层,112,37,层状,矿层,古生代,煤矿层，煤质以无烟煤为主,山西煤矿层是古生代煤矿层，煤质以无烟煤为主，是中国重要的煤炭资源地。,1
390,上护林,168.45,80.12,不规则区域,断层,白垩纪,逆冲断层发育，断层带内构造角砾岩发育,上护林地区发育白垩纪逆冲断层，断层带内构造角砾岩发育，断层两侧地层有明显挤压变形，对区域构造运动有重要指示意义。,1
209,上饶,117.98,28.43,不规则区域,岩体,白垩纪,花岗岩岩体，岩体呈穹状产出,上饶地区发育白垩纪花岗岩岩体，岩体呈穹状产出，内部结构复杂，可见多期岩浆侵入的证据。,1
377,少尔包格诺尔,155.23,73.78,不规则区域,岩层,二叠纪,海相沉积岩层，岩性以灰岩和泥灰岩为主,少尔包格诺尔地区发育二叠纪海相沉积岩层，岩性以灰岩和泥灰岩为主，局部可见珊瑚礁遗迹，是研究古海洋环境的重要地区。,1
380,嵯岗镇,158.23,75.12,不规则区域,褶皱,二叠纪,发育多组褶皱构造，地层倾角变化大,神木地区发育白垩纪花岗岩岩体，岩体呈穹状产出，内部结构复杂，可见多期岩浆侵入的证据。,0
291,神木,129.78,45.78,不规则区域,岩体,白垩纪,花岗岩岩体，岩体呈穹状产出,神木地区发育白垩纪花岗岩岩体，岩体呈穹状产出，内部结构复杂，可见多期岩浆侵入的证据。,1
204,衢县,118.38,28.97,不规则区域,岩体,白垩纪,花岗岩岩体，岩体呈穹状产出,神木地区发育白垩纪花岗岩岩体，岩体呈穹状产出，内部结构复杂，可见多期岩浆侵入的证据。,0
245,沈家门,122.23,30.01,不规则区域,褶皱,侏罗纪,发育多组褶皱构造，地层倾角变化大,沈家门地区发育侏罗纪褶皱构造，地层倾角变化明显，褶皱核部可见多期变形叠加，是研究区域构造演化的重要地区。,1
6,圣安德烈亚斯断层,122,37,线状,断层,新生代,右旋走滑断层，断层带内发育大量构造岩,圣安德烈亚斯断层是北美板块与太平洋板块的边界，是典型的走滑断层，地震活动频繁。,1
54,圣海伦斯火山,122,46,锥状,火山,新生代,火山口保存完整，周围发育熔岩流,圣海伦斯火山是新生代火山，火山口保存完整，周围发育熔岩流，是研究火山活动的重要地区。,1
399,老沟,177.45,84.78,不规则区域,岩体,白垩纪,花岗岩岩体，岩体呈穹状产出,圣海伦斯天池火山是新生代火山，火山口保存完整，周围发育熔岩流，是研究火山活动的重要地区。,0
392,嘉荫县,170.23,81.12,不规则区域,褶皱,二叠纪,发育多组褶皱构造，地层倾角变化大,圣海伦斯天池火山是新生代火山，火山口保存完整，周围发育熔岩流，是研究火山活动的重要地区。,0
453,圣海伦斯天池火山,122,46,锥状,火山,新生代,火山口保存完整，周围发育熔岩流,圣海伦斯天池火山是新生代火山，火山口保存完整，周围发育熔岩流，是研究火山活动的重要地区。,1
45,金沙江峡谷,102,27,线状,峡谷,新生代,峡谷深切，发育多级阶地,圣海伦斯天池火山是新生代火山，火山口保存完整，周围发育熔岩流，是研究火山活动的重要地区。,0
219,石板井,114.78,37.98,不规则区域,岩层,侏罗纪,水平岩层发育，岩性以砂岩和页岩为主,石板井地区发育侏罗纪水平岩层，岩性以砂岩和页岩为主，局部可见古生物遗迹，是研究古环境的重要地区。,1
211,丽水,119.92,28.45,不规则区域,褶皱,二叠纪,发育多组褶皱构造，地层倾角变化大,石楼地区发育二叠纪海相沉积岩层，岩性以灰岩和泥灰岩为主，局部可见珊瑚礁遗迹，是研究古海洋环境的重要地区。,0
309,石楼,111.23,37.45,不规则区域,岩层,二叠纪,海相沉积岩层，岩性以灰岩和泥灰岩为主,石楼地区发育二叠纪海相沉积岩层，岩性以灰岩和泥灰岩为主，局部可见珊瑚礁遗迹，是研究古海洋环境的重要地区。,1
87,斯洛文尼亚波斯托伊纳溶洞,14,45,洞穴状,溶洞,新生代,溶洞发育良好，钟乳石和石笋丰富,斯洛文尼亚波斯托伊纳溶洞是新生代溶洞，发育良好，钟乳石和石笋丰富，是研究岩溶地貌的重要地区。,1
436,阿尔卑斯山冰川,10,45,线状,冰川,新生代,冰川发育良好，冰川地貌丰富,斯洛文尼亚波斯托伊纳溶洞是新生代溶洞，发育良好，钟乳石和石笋丰富，是研究岩溶地貌的重要地区。,0
485,斯洛文尼亚天坑,14,45,坑状,天坑,新生代,天坑发育良好，坑壁陡峭,斯洛文尼亚天坑是新生代天坑，发育良好，坑壁陡峭，是研究岩溶地貌的重要地区。,1
134,内蒙古二连浩特化石层,112,43,层状,化石层,白垩纪,化石层发育良好，保存大量古生物化石,死海裂谷是新生代裂谷，发育良好，湖水富含矿物质，是研究裂谷演化的重要地区。,0
143,死海裂谷,35,31,线状,裂谷,新生代,裂谷发育良好，湖水富含矿物质,死海裂谷是新生代裂谷，发育良好，湖水富含矿物质，是研究裂谷演化的重要地区。,1
389,兴隆沟,167.23,79.78,不规则区域,岩层,二叠纪,海相沉积岩层，岩性以灰岩和泥灰岩为主,四川盆地丘陵是新生代丘陵，发育良好，地形起伏较大，是研究低山丘陵地貌的重要地区。,0
84,重庆武隆喀斯特,107,29,喀斯特地貌,喀斯特,新生代,喀斯特地貌发育良好，溶洞和天坑丰富,四川盆地丘陵是新生代丘陵，发育良好，地形起伏较大，是研究低山丘陵地貌的重要地区。,0
327,沙泉子,105.12,48.78,不规则区域,岩体,白垩纪,花岗岩岩体，岩体呈穹状产出,四川盆地丘陵是新生代丘陵，发育良好，地形起伏较大，是研究低山丘陵地貌的重要地区。,0
439,四川盆地丘陵,104,30,面状,丘陵,新生代,丘陵发育良好，地形起伏较大,四川盆地丘陵是新生代丘陵，发育良好，地形起伏较大，是研究低山丘陵地貌的重要地区。,1
414,四川盆地石灰岩层,104,30,面状,岩层,中生代,海相沉积岩层，岩性以石灰岩为主,四川盆地石灰岩层是中生代海相沉积岩层，岩性以石灰岩为主，是研究古环境的重要地区。,1
47,澜沧江峡谷,99,26,线状,峡谷,新生代,峡谷深切，发育多级阶地,四川盆地石灰岩层是中生代海相沉积岩层，岩性以石灰岩为主，是研究古环境的重要地区。,0
40,四川盆地,104,30,面状,盆地,中生代,盆地沉积物丰富，岩性以砂岩和页岩为主,四川盆地是中生代盆地，沉积物丰富，岩性以砂岩和页岩为主，是研究古环境的重要地区。,1
65,塔里木盆地地下水体,82,40,面状,地下水体,古生代,地下水体丰富，水质良好,四川盆地是中生代盆地，沉积物丰富，岩性以砂岩和页岩为主，是研究古环境的重要地区。,0
195,澳大利亚埃迪卡拉化石群,136,-32,层状,化石层,寒武纪,化石层发育良好，保存大量古生物化石,四川盆地土质层是中生代土质层，发育良好，土壤肥沃，是研究地表基质的重要地区。,0
115,四川盆地土质层,104,30,面状,土质,中生代,土质层发育良好，土壤肥沃,四川盆地土质层是中生代土质层，发育良好，土壤肥沃，是研究地表基质的重要地区。,1
63,华北地下水体,116,39,面状,地下水体,新生代,地下水体丰富，水质良好,四川盆地岩层以中生代海相沉积为主，岩性多样，局部可见古生物化石。,0
15,四川盆地岩层,104,30,面状,岩层,中生代,海相沉积岩层，岩性以灰岩和泥灰岩为主,四川盆地岩层以中生代海相沉积为主，岩性多样，局部可见古生物化石。,1
322,梧桐窝子泉,100.34,46.12,不规则区域,断层,白垩纪,高角度正断层，断层带内发育构造角砾岩,四川盆地岩层以中生代海相沉积为主，岩性多样，局部可见古生物化石。,0
290,新街镇,128.45,45.12,不规则区域,断层,白垩纪,逆冲断层发育，断层带内构造角砾岩发育,四川自贡恐龙化石层是侏罗纪化石层，发育良好，保存大量恐龙化石，是研究恐龙演化的重要地区。,0
223,安北,113.56,42.12,线状,断层,三叠纪,高角度正断层，断层带内发育构造角砾岩,四川自贡恐龙化石层是侏罗纪化石层，发育良好，保存大量恐龙化石，是研究恐龙演化的重要地区。,0
133,四川自贡恐龙化石层,104,29,层状,化石层,侏罗纪,化石层发育良好，保存大量恐龙化石,四川自贡恐龙化石层是侏罗纪化石层，发育良好，保存大量恐龙化石，是研究恐龙演化的重要地区。,1
411,松辽盆地泥岩层,125,45,面状,岩层,中生代,海相沉积岩层，岩性以泥岩为主,松辽盆地泥岩层是中生代海相沉积岩层，岩性以泥岩为主，是研究古环境的重要地区。,1
79,印尼喀拉喀托火山海啸,105,-6,面状,火山海啸,新生代,火山活动频繁，海啸影响范围广,松辽盆地泥岩层是中生代海相沉积岩层，岩性以泥岩为主，是研究古环境的重要地区。,0
355,阿尔山宝力格,133.12,62.78,不规则区域,岩体,白垩纪,花岗岩岩体，岩体呈穹状产出,松辽盆地岩层以中生代海相沉积为主，岩性多样，局部可见珊瑚礁遗迹。,0
12,松辽盆地岩层,125,45,面状,岩层,中生代,海相沉积岩层，岩性以灰岩和泥灰岩为主,松辽盆地岩层以中生代海相沉积为主，岩性多样，局部可见珊瑚礁遗迹。,1
19,峨眉山玄武岩脉,102,28,线状,岩脉,中生代,玄武岩岩脉，岩脉呈脉状产出,松辽盆地岩层以中生代海相沉积为主，岩性多样，局部可见珊瑚礁遗迹。,0
277,松潘县,115.34,38.78,不规则区域,岩体,白垩纪,花岗岩岩体，岩体呈穹状产出,松潘县地区发育白垩纪花岗岩岩体，岩体呈穹状产出，内部结构复杂，可见多期岩浆侵入的证据。,1
272,文县,110.12,36.12,不规则区域,断层,白垩纪,逆冲断层发育，断层带内构造角砾岩发育,松潘县地区发育白垩纪花岗岩岩体，岩体呈穹状产出，内部结构复杂，可见多期岩浆侵入的证据。,0
480,贵州天坑,106,27,坑状,天坑,新生代,天坑发育良好，坑壁陡峭,松潘县地区发育白垩纪花岗岩岩体，岩体呈穹状产出，内部结构复杂，可见多期岩浆侵入的证据。,0
227,哈日奥日布格,117.56,42.12,不规则区域,岩层,二叠纪,海相沉积岩层，岩性以灰岩和泥灰岩为主,绥德地区发育二叠纪褶皱构造，地层倾角变化明显，褶皱核部可见多期变形叠加，是研究区域构造演化的重要地区。,0
303,绥德,110.12,37.98,不规则区域,褶皱,二叠纪,发育多组褶皱构造，地层倾角变化大,绥德地区发育二叠纪褶皱构造，地层倾角变化明显，褶皱核部可见多期变形叠加，是研究区域构造演化的重要地区。,1
180,阿拉斯加冰川,148,60,线状,冰川,新生代,冰川发育良好，冰川地貌丰富,索果淖地区发育三叠纪海相沉积岩层，岩性以灰岩和泥灰岩为主，局部可见珊瑚礁遗迹，是研究古海洋环境的重要地区。,0
101,长江三角洲,121,31,三角洲状,三角洲,新生代,三角洲沉积物丰富，岩性以砂土和泥质为主,索果淖地区发育三叠纪海相沉积岩层，岩性以灰岩和泥灰岩为主，局部可见珊瑚礁遗迹，是研究古海洋环境的重要地区。,0
36,落基山脉,115,45,线状,山脉,新生代,山脉由花岗岩和变质岩组成，山体陡峭,索果淖地区发育三叠纪海相沉积岩层，岩性以灰岩和泥灰岩为主，局部可见珊瑚礁遗迹，是研究古海洋环境的重要地区。,0
216,索果淖,111.23,38.98,不规则区域,岩层,三叠纪,海相沉积岩层，岩性以灰岩和泥灰岩为主,索果淖地区发育三叠纪海相沉积岩层，岩性以灰岩和泥灰岩为主，局部可见珊瑚礁遗迹，是研究古海洋环境的重要地区。,1
142,贝加尔湖裂谷,108,53,线状,裂谷,新生代,裂谷发育良好，湖水富含矿物质,索加地区发育二叠纪海相沉积岩层，岩性以灰岩和泥灰岩为主，局部可见珊瑚礁遗迹，是研究古海洋环境的重要地区。,0
263,索加,104.78,32.12,不规则区域,岩层,二叠纪,海相沉积岩层，岩性以灰岩和泥灰岩为主,索加地区发育二叠纪海相沉积岩层，岩性以灰岩和泥灰岩为主，局部可见珊瑚礁遗迹，是研究古海洋环境的重要地区。,1
368,索伦军马场,146.23,69.12,不规则区域,褶皱,二叠纪,发育多组褶皱构造，地层倾角变化大,索伦军马场地区发育二叠纪褶皱构造，地层倾角变化明显，褶皱核部可见多期变形叠加，是研究区域构造演化的重要地区。,1
295,乌审旗,133.78,47.78,不规则区域,岩体,白垩纪,花岗岩岩体，岩体呈穹状产出,索伦军马场地区发育二叠纪褶皱构造，地层倾角变化明显，褶皱核部可见多期变形叠加，是研究区域构造演化的重要地区。,0
403,太行山断裂带,113,37,线状,断裂带,新生代,逆冲断层发育，断层带内构造角砾岩丰富,索伦军马场地区发育二叠纪褶皱构造，地层倾角变化明显，褶皱核部可见多期变形叠加，是研究区域构造演化的重要地区。,0
161,夏威夷基拉韦厄熔岩流,155,19,线状,熔岩流,新生代,熔岩流发育良好，流纹清晰,塔里木盆地地下水体是古生代地下水体，丰富且水质良好，是研究地下水循环的重要地区。,0
360,毛登,138.45,65.12,不规则区域,褶皱,二叠纪,发育多组褶皱构造，地层倾角变化大,塔里木盆地地下水体是古生代地下水体，丰富且水质良好，是研究地下水循环的重要地区。,0
65,塔里木盆地地下水体,82,40,面状,地下水体,古生代,地下水体丰富，水质良好,塔里木盆地地下水体是古生代地下水体，丰富且水质良好，是研究地下水循环的重要地区。,1
464,塔里木盆地地下水体,82,40,面状,地下水体,古生代,地下水体丰富，水质良好,塔里木盆地地下水体是古生代地下水体，丰富且水质良好，是研究地下水循环的重要地区。,1
177,挪威冰川,10,60,线状,冰川,新生代,冰川发育良好，冰川地貌丰富,塔里木盆地地下水体是古生代地下水体，丰富且水质良好，是研究地下水循环的重要地区。,0
382,阿尔哈沙特,160.12,76.12,不规则区域,断层,白垩纪,逆冲断层发育，断层带内构造角砾岩发育,塔里木盆地砾岩层是古生代海相沉积岩层，岩性以砾岩为主，是研究古环境的重要地区。,0
412,塔里木盆地砾岩层,82,40,面状,岩层,古生代,海相沉积岩层，岩性以砾岩为主,塔里木盆地砾岩层是古生代海相沉积岩层，岩性以砾岩为主，是研究古环境的重要地区。,1
454,基拉韦厄天池火山,155,19,盾状,火山,新生代,火山口保存完整，周围发育熔岩流,塔里木盆地沙漠是新生代沙漠，发育良好，沙丘形态多样，是研究沙漠环境的重要地区。,0
137,澳大利亚昆士兰化石层,149,-18,层状,化石层,白垩纪,化石层发育良好，保存大量古生物化石,塔里木盆地沙漠是新生代沙漠，发育良好，沙丘形态多样，是研究沙漠环境的重要地区。,0
437,塔里木盆地沙漠,82,40,面状,沙漠,新生代,沙漠发育良好，沙丘形态多样,塔里木盆地沙漠是新生代沙漠，发育良好，沙丘形态多样，是研究沙漠环境的重要地区。,1
44,科罗拉多大峡谷,112,36,线状,峡谷,新生代,峡谷深切，发育多级阶地,塔里木盆地是古生代盆地，沉积物丰富，岩性以砂岩和泥岩为主，是研究古环境的重要地区。,0
38,塔里木盆地,82,40,面状,盆地,古生代,盆地沉积物丰富，岩性以砂岩和泥岩为主,塔里木盆地是古生代盆地，沉积物丰富，岩性以砂岩和泥岩为主，是研究古环境的重要地区。,1
13,塔里木盆地岩层,82,40,面状,岩层,古生代,海相沉积岩层，岩性以灰岩和泥灰岩为主,塔里木盆地岩层以古生代海相沉积为主，岩性多样，局部可见古生物化石。,1
343,塔日根敖包,121.12,56.78,不规则区域,岩体,白垩纪,花岗岩岩体，岩体呈穹状产出,塔日根敖包地区发育白垩纪花岗岩岩体，岩体呈穹状产出，内部结构复杂，可见多期岩浆侵入的证据。,1
178,冰岛冰川,20,65,线状,冰川,新生代,冰川发育良好，冰川地貌丰富,塔日根敖包地区发育白垩纪花岗岩岩体，岩体呈穹状产出，内部结构复杂，可见多期岩浆侵入的证据。,0
388,塔源,166.12,79.12,不规则区域,褶皱,二叠纪,发育多组褶皱构造，地层倾角变化大,塔源地区发育二叠纪褶皱构造，地层倾角变化明显，褶皱核部可见多期变形叠加，是研究区域构造演化的重要地区。,1
396,太平沟公社,174.45,83.12,不规则区域,褶皱,二叠纪,发育多组褶皱构造，地层倾角变化大,太平沟公社地区发育二叠纪褶皱构造，地层倾角变化明显，褶皱核部可见多期变形叠加，是研究区域构造演化的重要地区。,1
8,祁连山断裂带,99.5,37.5,线状,断裂带,新生代,逆冲断层与褶皱构造发育，地层变形强烈,太平沟公社地区发育二叠纪褶皱构造，地层倾角变化明显，褶皱核部可见多期变形叠加，是研究区域构造演化的重要地区。,0
141,东非大裂谷湖泊群,37,-1,线状,湖泊群,新生代,湖泊群发育良好，湖水富含矿物质,太平沟公社地区发育二叠纪褶皱构造，地层倾角变化明显，褶皱核部可见多期变形叠加，是研究区域构造演化的重要地区。,0
146,太平洋火环带,180,0,环状,火环带,新生代,火环带发育良好，火山活动频繁,太平洋火环带是新生代火环带，发育良好，火山活动频繁，是研究板块构造的重要地区。,1
354,贺根山,132.45,62.12,不规则区域,断层,白垩纪,高角度正断层，断层带内发育构造角砾岩,太平洋火环带是新生代火环带，发育良好，火山活动频繁，是研究板块构造的重要地区。,0
320,大南湖,98.45,45.12,不规则区域,褶皱,二叠纪,发育多组褶皱构造，地层倾角变化大,太平洋火环带是新生代火环带，发育良好，火山活动频繁，是研究板块构造的重要地区。,0
452,维苏威天池火山,14,40,锥状,火山,新生代,火山口保存完整，周围发育熔岩流,太平洋火环带是新生代火环带，发育良好，火山活动频繁，是研究板块构造的重要地区。,0
379,呼伦湖,157.12,74.78,不规则区域,岩体,白垩纪,花岗岩岩体，岩体呈穹状产出,太行山断裂带是中国北方的重要构造带，由多条逆冲断层组成，对区域构造演化有重要意义。,0
403,太行山断裂带,113,37,线状,断裂带,新生代,逆冲断层发育，断层带内构造角砾岩丰富,太行山断裂带是中国北方的重要构造带，由多条逆冲断层组成，对区域构造演化有重要意义。,1
416,泰山花岗岩脉,117,36,线状,岩脉,中生代,花岗岩岩脉，岩脉呈脉状产出,泰山花岗岩脉是中生代花岗岩岩脉，岩脉呈脉状产出，与围岩接触带可见热变质现象。,1
476,日本福岛泥石流,141,37,线状,泥石流,新生代,泥石流发育频繁，沟谷堆积物丰富,泰山花岗岩体是中生代花岗岩岩体，岩体呈穹状产出，内部结构复杂。,0
17,泰山花岗岩体,117,36,块状,岩体,中生代,花岗岩岩体，岩体呈穹状产出,泰山花岗岩体是中生代花岗岩岩体，岩体呈穹状产出，内部结构复杂。,1
2,郯庐断裂带,118.5,35,线状,断裂带,中生代,左旋走滑断层，断层带内发育大量构造岩,郯庐断裂带是中国东部重要的大型走滑断裂带，贯穿华北和华南地块，对区域构造演化有重要意义。,1
447,珠江上游河谷,113,23,线状,河谷,新生代,河谷深切，发育多级阶地,唐古拉山口地区发育侏罗纪褶皱构造，地层倾角变化明显，褶皱核部可见多期变形叠加，是研究区域构造演化的重要地区。,0
265,唐古拉山口,92.01,32.56,不规则区域,褶皱,侏罗纪,发育多组褶皱构造，地层倾角变化大,唐古拉山口地区发育侏罗纪褶皱构造，地层倾角变化明显，褶皱核部可见多期变形叠加，是研究区域构造演化的重要地区。,1
54,圣海伦斯火山,122,46,锥状,火山,新生代,火山口保存完整，周围发育熔岩流,唐山地震断裂带是新生代断裂带，发育良好，地震活动频繁，是研究地震地质的重要地区。,0
75,唐山地震断裂带,118,39,线状,地震断裂,新生代,断裂带发育良好，地震活动频繁,唐山地震断裂带是新生代断裂带，发育良好，地震活动频繁，是研究地震地质的重要地区。,1
309,石楼,111.23,37.45,不规则区域,岩层,二叠纪,海相沉积岩层，岩性以灰岩和泥灰岩为主,唐山地震断裂带是新生代断裂带，发育良好，地震活动频繁，是研究地震地质的重要地区。,0
474,唐山泥石流,118,39,线状,泥石流,新生代,泥石流发育频繁，沟谷堆积物丰富,唐山泥石流是新生代泥石流，发育频繁，沟谷堆积物丰富，是研究地质灾害的重要地区。,1
214,六驼山,112.34,38.76,不规则区域,山脉,二叠纪,山脉由花岗岩组成，山体陡峭,唐山泥石流是新生代泥石流，发育频繁，沟谷堆积物丰富，是研究地质灾害的重要地区。,0
115,四川盆地土质层,104,30,面状,土质,中生代,土质层发育良好，土壤肥沃,天山冰川是新生代冰川，发育良好，冰川地貌丰富，是研究冰川作用的重要地区。,0
431,天山冰川,84,43,线状,冰川,新生代,冰川发育良好，冰川地貌丰富,天山冰川是新生代冰川，发育良好，冰川地貌丰富，是研究冰川作用的重要地区。,1
147,地中海火山带,15,40,线状,火山带,新生代,火山带发育良好，火山活动频繁,天山冰川是新生代冰川，发育良好，冰川地貌丰富，是研究冰川作用的重要地区。,0
129,喜马拉雅山冰川遗迹,87,28,面状,冰川遗迹,新生代,冰川遗迹发育良好，冰川地貌丰富,天山冲积扇是新生代冲积扇，沉积物丰富，岩性以砾石和砂土为主，是研究沉积环境的重要地区。,0
108,天山冲积扇,84,43,扇状,冲积扇,新生代,冲积扇沉积物丰富，岩性以砾石和砂土为主,天山冲积扇是新生代冲积扇，沉积物丰富，岩性以砾石和砂土为主，是研究沉积环境的重要地区。,1
198,阿根廷巴塔哥尼亚化石群,70,-45,层状,化石层,白垩纪,化石层发育良好，保存大量古生物化石,天山冲积扇是新生代冲积扇，沉积物丰富，岩性以砾石和砂土为主，是研究沉积环境的重要地区。,0
407,天山断裂带,84,43,线状,断裂带,新生代,逆冲断层发育，断层带内构造角砾岩丰富,天山断裂带是中亚地区的重要构造带，由多条逆冲断层组成，对区域构造演化有重要意义。,1
359,巴彦宝力格,137.23,64.78,不规则区域,岩体,白垩纪,花岗岩岩体，岩体呈穹状产出,天山山脉是新生代山脉，由花岗岩和变质岩组成，山体陡峭，是研究区域构造演化的重要地区。,0
248,黄岩,121.45,28.56,不规则区域,岩体,白垩纪,花岗岩岩体，岩体呈穹状产出,天山山脉是新生代山脉，由花岗岩和变质岩组成，山体陡峭，是研究区域构造演化的重要地区。,0
39,准噶尔盆地,85,45,面状,盆地,古生代,盆地沉积物丰富，岩性以砂岩和泥岩为主,天山山脉是新生代山脉，由花岗岩和变质岩组成，山体陡峭，是研究区域构造演化的重要地区。,0
32,天山山脉,84,43,线状,山脉,新生代,山脉由花岗岩和变质岩组成，山体陡峭,天山山脉是新生代山脉，由花岗岩和变质岩组成，山体陡峭，是研究区域构造演化的重要地区。,1
217,牛圈子,112.45,39.01,不规则区域,岩体,白垩纪,花岗岩岩体，岩体呈穹状产出,天山褶皱带是中亚地区的重要构造带，由多组褶皱构造组成，地层变形强烈。,0
9,天山褶皱带,84,43,带状,褶皱,新生代,发育多组复式褶皱，地层倾角变化大,天山褶皱带是中亚地区的重要构造带，由多组褶皱构造组成，地层变形强烈。,1
289,铜川,127.23,44.78,不规则区域,岩层,二叠纪,海相沉积岩层，岩性以灰岩和泥灰岩为主,铜川地区发育二叠纪海相沉积岩层，岩性以灰岩和泥灰岩为主，局部可见珊瑚礁遗迹，是研究古海洋环境的重要地区。,1
17,泰山花岗岩体,117,36,块状,岩体,中生代,花岗岩岩体，岩体呈穹状产出,铜川地区发育二叠纪海相沉积岩层，岩性以灰岩和泥灰岩为主，局部可见珊瑚礁遗迹，是研究古海洋环境的重要地区。,0
206,铜鼓,114.42,28.43,线状,岩脉,三叠纪,辉绿岩岩脉，岩脉呈脉状产出,铜鼓地区发育三叠纪辉绿岩岩脉，岩脉呈脉状产出，与围岩接触带可见热变质现象，对区域岩浆活动有重要指示意义。,1
376,头站旅店,154.12,73.12,不规则区域,褶皱,二叠纪,发育多组褶皱构造，地层倾角变化大,头站旅店地区发育二叠纪褶皱构造，地层倾角变化明显，褶皱核部可见多期变形叠加，是研究区域构造演化的重要地区。,1
326,图兹雷克,104.56,48.12,不规则区域,断层,白垩纪,逆冲断层发育，断层带内构造角砾岩发育,图兹雷克地区发育白垩纪逆冲断层，断层带内构造角砾岩发育，断层两侧地层有明显挤压变形，对区域构造运动有重要指示意义。,1
256,沱沱河,97.12,33.12,不规则区域,褶皱,二叠纪,复式褶皱发育，褶皱核部地层变形强烈,沱沱河地区发育二叠纪复式褶皱，褶皱核部地层变形强烈，褶皱形态复杂，是研究区域构造演化的重要地区。,1
53,维苏威火山,14,40,锥状,火山,新生代,火山口保存完整，周围发育熔岩流,维苏威火山是新生代火山，火山口保存完整，周围发育熔岩流，是研究火山活动的重要地区。,1
485,斯洛文尼亚天坑,14,45,坑状,天坑,新生代,天坑发育良好，坑壁陡峭,维苏威火山是新生代火山，火山口保存完整，周围发育熔岩流，是研究火山活动的重要地区。,0
452,维苏威天池火山,14,40,锥状,火山,新生代,火山口保存完整，周围发育熔岩流,维苏威天池火山是新生代火山，火山口保存完整，周围发育熔岩流，是研究火山活动的重要地区。,1
250,温岭县,121.67,28.34,不规则区域,岩脉,三叠纪,辉绿岩岩脉，岩脉呈脉状产出,温岭县地区发育三叠纪辉绿岩岩脉，岩脉呈脉状产出，与围岩接触带可见热变质现象，对区域岩浆活动有重要指示意义。,1
261,温泉兵站,102.45,30.78,不规则区域,褶皱,二叠纪,发育多组褶皱构造，地层倾角变化大,温泉兵站地区发育二叠纪褶皱构造，地层倾角变化明显，褶皱核部可见多期变形叠加，是研究区域构造演化的重要地区。,1
249,温州,120.98,28.12,不规则区域,褶皱,二叠纪,复式褶皱发育，褶皱核部地层变形强烈,温州地区发育二叠纪复式褶皱，褶皱核部地层变形强烈，褶皱形态复杂，是研究区域构造演化的重要地区。,1
175,落基山冰川,115,45,线状,冰川,新生代,冰川发育良好，冰川地貌丰富,温州地区发育二叠纪复式褶皱，褶皱核部地层变形强烈，褶皱形态复杂，是研究区域构造演化的重要地区。,0
88,越南下龙湾溶洞,107,20,洞穴状,溶洞,新生代,溶洞发育良好，钟乳石和石笋丰富,温州地区发育二叠纪复式褶皱，褶皱核部地层变形强烈，褶皱形态复杂，是研究区域构造演化的重要地区。,0
497,墨西哥熔岩流,102,19,线状,熔岩流,新生代,熔岩流发育良好，流纹清晰,温州地区发育二叠纪复式褶皱，褶皱核部地层变形强烈，褶皱形态复杂，是研究区域构造演化的重要地区。,0
272,文县,110.12,36.12,不规则区域,断层,白垩纪,逆冲断层发育，断层带内构造角砾岩发育,文县地区发育白垩纪逆冲断层，断层带内构造角砾岩发育，断层两侧地层有明显挤压变形，对区域构造运动有重要指示意义。,1
74,汶川地震断裂带,103,31,线状,地震断裂,新生代,断裂带发育良好，地震活动频繁,汶川地震断裂带是新生代断裂带，发育良好，地震活动频繁，是研究地震地质的重要地区。,1
473,汶川泥石流,103,31,线状,泥石流,新生代,泥石流发育频繁，沟谷堆积物丰富,汶川泥石流是新生代泥石流，发育频繁，沟谷堆积物丰富，是研究地质灾害的重要地区。,1
190,乌克兰博尔蒂什陨石坑,30,50,坑状,陨石坑,古生代,陨石坑保存完整，周围发育撞击构造,乌克兰博尔蒂什陨石坑是古生代陨石坑，保存完整，周围发育撞击构造，是研究陨石撞击的重要地区。,1
233,沙拉套尔汉,123.78,48.12,不规则区域,岩体,白垩纪,花岗岩岩体，岩体呈穹状产出,乌拉尔山脉断裂带是俄罗斯的重要构造带，由多条逆冲断层组成，对区域构造演化有重要意义。,0
409,乌拉尔山脉断裂带,60,60,线状,断裂带,新生代,逆冲断层发育，断层带内构造角砾岩丰富,乌拉尔山脉断裂带是俄罗斯的重要构造带，由多条逆冲断层组成，对区域构造演化有重要意义。,1
350,乌拉盖,128.23,60.12,不规则区域,断层,白垩纪,逆冲断层发育，断层带内构造角砾岩发育,乌拉盖地区发育白垩纪逆冲断层，断层带内构造角砾岩发育，断层两侧地层有明显挤压变形，对区域构造运动有重要指示意义。,1
231,乌拉特后旗,121.34,46.12,不规则区域,盆地,白垩纪,盆地沉积物丰富，岩性以砂岩和泥岩为主,乌拉特后旗地区发育白垩纪盆地，盆地沉积物丰富，岩性以砂岩和泥岩为主，是研究古环境的重要地区。,1
234,乌力吉,124.98,49.78,不规则区域,岩层,二叠纪,海相沉积岩层，岩性以灰岩和泥灰岩为主,乌力吉地区发育二叠纪海相沉积岩层，岩性以灰岩和泥灰岩为主，局部可见珊瑚礁遗迹，是研究古海洋环境的重要地区。,1
338,巴音布日德牧场,116.23,54.12,不规则区域,断层,白垩纪,高角度正断层，断层带内发育构造角砾岩,乌力吉地区发育二叠纪海相沉积岩层，岩性以灰岩和泥灰岩为主，局部可见珊瑚礁遗迹，是研究古海洋环境的重要地区。,0
234,乌力吉,124.98,49.78,不规则区域,岩层,二叠纪,海相沉积岩层，岩性以灰岩和泥灰岩为主,乌力吉特敖包地区发育高角度正断层，断层带内构造角砾岩发育，断层两侧地层有明显错动，对区域构造运动有重要指示意义。,0
346,乌力吉特敖包,124.12,58.12,不规则区域,断层,白垩纪,高角度正断层，断层带内发育构造角砾岩,乌力吉特敖包地区发育高角度正断层，断层带内构造角砾岩发育，断层两侧地层有明显错动，对区域构造运动有重要指示意义。,1
295,乌审旗,133.78,47.78,不规则区域,岩体,白垩纪,花岗岩岩体，岩体呈穹状产出,乌审旗地区发育白垩纪花岗岩岩体，岩体呈穹状产出，内部结构复杂，可见多期岩浆侵入的证据。,1
322,梧桐窝子泉,100.34,46.12,不规则区域,断层,白垩纪,高角度正断层，断层带内发育构造角砾岩,梧桐窝子泉地区发育高角度正断层，断层带内构造角砾岩发育，断层两侧地层有明显错动，对区域构造运动有重要指示意义。,1
367,五岔沟,145.12,68.78,不规则区域,岩体,白垩纪,花岗岩岩体，岩体呈穹状产出,五岔沟地区发育白垩纪花岗岩岩体，岩体呈穹状产出，内部结构复杂，可见多期岩浆侵入的证据。,1
250,温岭县,121.67,28.34,不规则区域,岩脉,三叠纪,辉绿岩岩脉，岩脉呈脉状产出,五岔沟地区发育白垩纪花岗岩岩体，岩体呈穹状产出，内部结构复杂，可见多期岩浆侵入的证据。,0
293,原平,131.23,46.78,不规则区域,岩层,二叠纪,海相沉积岩层，岩性以灰岩和泥灰岩为主,五大连池玄武岩床是新生代玄武岩岩床，岩床呈层状产出，是研究火山活动的重要地区。,0
419,五大连池玄武岩床,126,48,面状,岩床,新生代,玄武岩岩床，岩床呈层状产出,五大连池玄武岩床是新生代玄武岩岩床，岩床呈层状产出，是研究火山活动的重要地区。,1
361,西乌珠穆沁旗,139.12,65.78,不规则区域,岩层,二叠纪,海相沉积岩层，岩性以灰岩和泥灰岩为主,五大连池玄武岩脉是新生代玄武岩岩脉，岩脉呈脉状产出，与围岩接触带可见热变质现象。,0
20,五大连池玄武岩脉,126,48,线状,岩脉,新生代,玄武岩岩脉，岩脉呈脉状产出,五大连池玄武岩脉是新生代玄武岩岩脉，岩脉呈脉状产出，与围岩接触带可见热变质现象。,1
423,胶东银矿脉,120,37,线状,矿脉,中生代,银矿脉，矿石以石英脉型银矿为主,五大连池玄武岩脉是新生代玄武岩岩脉，岩脉呈脉状产出，与围岩接触带可见热变质现象。,0
254,五道梁,95.23,33.78,不规则区域,断层,白垩纪,高角度正断层，断层带内发育构造角砾岩,五道梁地区发育高角度正断层，断层带内构造角砾岩发育，断层两侧地层有明显错动，对区域构造运动有重要指示意义。,1
190,乌克兰博尔蒂什陨石坑,30,50,坑状,陨石坑,古生代,陨石坑保存完整，周围发育撞击构造,五道梁地区发育高角度正断层，断层带内构造角砾岩发育，断层两侧地层有明显错动，对区域构造运动有重要指示意义。,0
292,五寨,130.12,46.12,不规则区域,褶皱,二叠纪,发育多组褶皱构造，地层倾角变化大,五寨地区发育二叠纪褶皱构造，地层倾角变化明显，褶皱核部可见多期变形叠加，是研究区域构造演化的重要地区。,1
426,山西金矿层,112,37,层状,矿层,古生代,金矿层，矿石以石英脉型金矿为主,五寨地区发育二叠纪褶皱构造，地层倾角变化明显，褶皱核部可见多期变形叠加，是研究区域构造演化的重要地区。,0
433,喜马拉雅山冰川,87,28,线状,冰川,新生代,冰川发育良好，冰川地貌丰富,五寨地区发育二叠纪褶皱构造，地层倾角变化明显，褶皱核部可见多期变形叠加，是研究区域构造演化的重要地区。,0
417,华山花岗岩脉,110,34,线状,岩脉,中生代,花岗岩岩脉，岩脉呈脉状产出,武都地区发育二叠纪海相沉积岩层，岩性以灰岩和泥灰岩为主，局部可见珊瑚礁遗迹，是研究古海洋环境的重要地区。,0
266,武都,104.78,33.12,不规则区域,岩层,二叠纪,海相沉积岩层，岩性以灰岩和泥灰岩为主,武都地区发育二叠纪海相沉积岩层，岩性以灰岩和泥灰岩为主，局部可见珊瑚礁遗迹，是研究古海洋环境的重要地区。,1
378,西庙,156.45,74.12,不规则区域,断层,白垩纪,高角度正断层，断层带内发育构造角砾岩,西庙地区发育高角度正断层，断层带内构造角砾岩发育，断层两侧地层有明显错动，对区域构造运动有重要指示意义。,1
490,长白山熔岩流,126,42,线状,熔岩流,新生代,熔岩流发育良好，流纹清晰,西庙地区发育高角度正断层，断层带内构造角砾岩发育，断层两侧地层有明显错动，对区域构造运动有重要指示意义。,0
493,意大利熔岩流,15,37,线状,熔岩流,新生代,熔岩流发育良好，流纹清晰,西庙地区发育高角度正断层，断层带内构造角砾岩发育，断层两侧地层有明显错动，对区域构造运动有重要指示意义。,0
361,西乌珠穆沁旗,139.12,65.78,不规则区域,岩层,二叠纪,海相沉积岩层，岩性以灰岩和泥灰岩为主,西乌珠穆沁旗地区发育二叠纪海相沉积岩层，岩性以灰岩和泥灰岩为主，局部可见珊瑚礁遗迹，是研究古海洋环境的重要地区。,1
249,温州,120.98,28.12,不规则区域,褶皱,二叠纪,复式褶皱发育，褶皱核部地层变形强烈,喜马拉雅山冰川是新生代冰川，发育良好，冰川地貌丰富，是研究冰川作用的重要地区。,0
246,仙居,120.78,29.45,不规则区域,岩层,白垩纪,水平岩层发育，岩性以砂岩和页岩为主,喜马拉雅山冰川是新生代冰川，发育良好，冰川地貌丰富，是研究冰川作用的重要地区。,0
281,镇巴,119.23,40.78,不规则区域,断层,白垩纪,逆冲断层发育，断层带内构造角砾岩发育,喜马拉雅山冰川是新生代冰川，发育良好，冰川地貌丰富，是研究冰川作用的重要地区。,0
313,老合水,114.56,38.45,不规则区域,岩层,二叠纪,海相沉积岩层，岩性以灰岩和泥灰岩为主,喜马拉雅山冰川是新生代冰川，发育良好，冰川地貌丰富，是研究冰川作用的重要地区。,0
173,喜马拉雅山冰川,87,28,线状,冰川,新生代,冰川发育良好，冰川地貌丰富,喜马拉雅山冰川是新生代冰川，发育良好，冰川地貌丰富，是研究冰川作用的重要地区。,1
433,喜马拉雅山冰川,87,28,线状,冰川,新生代,冰川发育良好，冰川地貌丰富,喜马拉雅山冰川是新生代冰川，发育良好，冰川地貌丰富，是研究冰川作用的重要地区。,1
312,左权,113.23,38.12,不规则区域,褶皱,二叠纪,发育多组褶皱构造，地层倾角变化大,喜马拉雅山冰川遗迹是新生代冰川遗迹，发育良好，冰川地貌丰富，是研究冰川作用的重要地区。,0
440,长江上游河谷,103,30,线状,河谷,新生代,河谷深切，发育多级阶地,喜马拉雅山冰川遗迹是新生代冰川遗迹，发育良好，冰川地貌丰富，是研究冰川作用的重要地区。,0
43,雅鲁藏布大峡谷,94,29,线状,峡谷,新生代,峡谷深切，发育多级阶地,喜马拉雅山冰川遗迹是新生代冰川遗迹，发育良好，冰川地貌丰富，是研究冰川作用的重要地区。,0
129,喜马拉雅山冰川遗迹,87,28,面状,冰川遗迹,新生代,冰川遗迹发育良好，冰川地貌丰富,喜马拉雅山冰川遗迹是新生代冰川遗迹，发育良好，冰川地貌丰富，是研究冰川作用的重要地区。,1
9,天山褶皱带,84,43,带状,褶皱,新生代,发育多组复式褶皱，地层倾角变化大,喜马拉雅山冰川遗迹是新生代冰川遗迹，发育良好，冰川地貌丰富，是研究冰川作用的重要地区。,0
200,南极洲恐龙化石群,0,-90,层状,化石层,白垩纪,化石层发育良好，保存大量恐龙化石,喜马拉雅山冰川遗迹是新生代冰川遗迹，发育良好，冰川地貌丰富，是研究冰川作用的重要地区。,0
395,北沟,173.23,82.78,不规则区域,岩体,白垩纪,花岗岩岩体，岩体呈穹状产出,喜马拉雅山冲积扇是新生代冲积扇，沉积物丰富，岩性以砾石和砂土为主，是研究沉积环境的重要地区。,0
243,渡口堂,113.78,38.12,不规则区域,岩层,二叠纪,海相沉积岩层，岩性以灰岩和泥灰岩为主,喜马拉雅山冲积扇是新生代冲积扇，沉积物丰富，岩性以砾石和砂土为主，是研究沉积环境的重要地区。,0
110,喜马拉雅山冲积扇,87,28,扇状,冲积扇,新生代,冲积扇沉积物丰富，岩性以砾石和砂土为主,喜马拉雅山冲积扇是新生代冲积扇，沉积物丰富，岩性以砾石和砂土为主，是研究沉积环境的重要地区。,1
34,喜马拉雅山脉,87,28,线状,山脉,新生代,山脉由花岗岩和变质岩组成，山体陡峭,喜马拉雅山脉是新生代山脉，由花岗岩和变质岩组成，山体陡峭，是研究区域构造演化的重要地区。,1
3,喜马拉雅褶皱带,87,28,带状,褶皱,新生代,发育多组复式褶皱，地层倾角变化大,喜马拉雅褶皱带是世界上最高的山脉，由印度板块与欧亚板块碰撞形成，褶皱构造发育，地层变形强烈。,1
50,亚马逊河谷,60,-3,线状,河谷,新生代,河谷深切，发育多级阶地,喜马拉雅褶皱带是世界上最高的山脉，由印度板块与欧亚板块碰撞形成，褶皱构造发育，地层变形强烈。,0
93,夏威夷基拉韦厄火山口,155,19,坑状,火山口,新生代,火山口保存完整，周围发育熔岩流,夏威夷基拉韦厄火山口是新生代火山口，保存完整，周围发育熔岩流，是研究火山活动的重要地区。,1
118,密西西比河泥质层,90,30,面状,泥质,新生代,泥质层发育良好，土壤肥沃,夏威夷基拉韦厄火山口是新生代火山口，保存完整，周围发育熔岩流，是研究火山活动的重要地区。,0
161,夏威夷基拉韦厄熔岩流,155,19,线状,熔岩流,新生代,熔岩流发育良好，流纹清晰,夏威夷基拉韦厄熔岩流是新生代熔岩流，发育良好，流纹清晰，是研究火山活动的重要地区。,1
491,夏威夷熔岩流,155,19,线状,熔岩流,新生代,熔岩流发育良好，流纹清晰,夏威夷熔岩流是新生代熔岩流，发育良好，流纹清晰，是研究火山活动的重要地区。,1
246,仙居,120.78,29.45,不规则区域,岩层,白垩纪,水平岩层发育，岩性以砂岩和页岩为主,仙居地区白垩纪地层水平发育，岩性以砂岩和页岩为主，局部可见古生物遗迹，是研究古环境的重要地区。,1
206,铜鼓,114.42,28.43,线状,岩脉,三叠纪,辉绿岩岩脉，岩脉呈脉状产出,仙居地区白垩纪地层水平发育，岩性以砂岩和页岩为主，局部可见古生物遗迹，是研究古环境的重要地区。,0
363,协里府,141.45,66.78,不规则区域,岩体,白垩纪,花岗岩岩体，岩体呈穹状产出,协里府地区发育白垩纪花岗岩岩体，岩体呈穹状产出，内部结构复杂，可见多期岩浆侵入的证据。,1
455,埃特纳天池火山,15,37,盾状,火山,新生代,火山口保存完整，周围发育熔岩流,协里府地区发育白垩纪花岗岩岩体，岩体呈穹状产出，内部结构复杂，可见多期岩浆侵入的证据。,0
381,海拉尔市,159.45,75.78,不规则区域,岩层,二叠纪,海相沉积岩层，岩性以灰岩和泥灰岩为主,忻县地区发育白垩纪逆冲断层，断层带内构造角砾岩发育，断层两侧地层有明显挤压变形，对区域构造运动有重要指示意义。,0
299,忻县,137.78,49.78,不规则区域,断层,白垩纪,逆冲断层发育，断层带内构造角砾岩发育,忻县地区发育白垩纪逆冲断层，断层带内构造角砾岩发育，断层两侧地层有明显挤压变形，对区域构造运动有重要指示意义。,1
383,新巴尔虎右旗,161.23,76.78,不规则区域,岩体,白垩纪,花岗岩岩体，岩体呈穹状产出,新巴尔虎右旗地区发育白垩纪花岗岩岩体，岩体呈穹状产出，内部结构复杂，可见多期岩浆侵入的证据。,1
386,伊敏,164.23,78.12,不规则区域,断层,白垩纪,高角度正断层，断层带内发育构造角砾岩,新巴尔虎左旗地区发育二叠纪海相沉积岩层，岩性以灰岩和泥灰岩为主，局部可见珊瑚礁遗迹，是研究古海洋环境的重要地区。,0
385,新巴尔虎左旗,163.12,77.78,不规则区域,岩层,二叠纪,海相沉积岩层，岩性以灰岩和泥灰岩为主,新巴尔虎左旗地区发育二叠纪海相沉积岩层，岩性以灰岩和泥灰岩为主，局部可见珊瑚礁遗迹，是研究古海洋环境的重要地区。,1
14,鄂尔多斯盆地岩层,109,38,面状,岩层,中生代,海相沉积岩层，岩性以砂岩和页岩为主,新巴尔虎左旗地区发育二叠纪海相沉积岩层，岩性以灰岩和泥灰岩为主，局部可见珊瑚礁遗迹，是研究古海洋环境的重要地区。,0
4,阿尔卑斯褶皱带,10.5,45,带状,褶皱,新生代,复式褶皱与逆冲断层发育，地层变形复杂,新巴尔虎左旗地区发育二叠纪海相沉积岩层，岩性以灰岩和泥灰岩为主，局部可见珊瑚礁遗迹，是研究古海洋环境的重要地区。,0
351,哈拉盖图农场,129.45,60.78,不规则区域,岩体,白垩纪,花岗岩岩体，岩体呈穹状产出,新疆铅锌矿床是中生代铅锌矿床，矿石以方铅矿和闪锌矿为主，是中国重要的铅锌矿资源地。,0
306,阳泉,113.45,38.12,不规则区域,断层,白垩纪,高角度正断层，断层带内发育构造角砾岩,新疆铅锌矿床是中生代铅锌矿床，矿石以方铅矿和闪锌矿为主，是中国重要的铅锌矿资源地。,0
428,新疆铅锌矿床,87,44,块状,金属矿床,中生代,铅锌矿床，矿石以方铅矿和闪锌矿为主,新疆铅锌矿床是中生代铅锌矿床，矿石以方铅矿和闪锌矿为主，是中国重要的铅锌矿资源地。,1
3,喜马拉雅褶皱带,87,28,带状,褶皱,新生代,发育多组复式褶皱，地层倾角变化大,新疆铅锌矿床是中生代铅锌矿床，矿石以方铅矿和闪锌矿为主，是中国重要的铅锌矿资源地。,0
29,新疆铜矿床,87,44,块状,金属矿床,中生代,铜矿床，矿石以黄铜矿为主,新疆铜矿床是中生代铜矿床，矿石以黄铜矿为主，是中国重要的铜矿资源地。,1
367,五岔沟,145.12,68.78,不规则区域,岩体,白垩纪,花岗岩岩体，岩体呈穹状产出,新街镇地区发育白垩纪逆冲断层，断层带内构造角砾岩发育，断层两侧地层有明显挤压变形，对区域构造运动有重要指示意义。,0
290,新街镇,128.45,45.12,不规则区域,断层,白垩纪,逆冲断层发育，断层带内构造角砾岩发育,新街镇地区发育白垩纪逆冲断层，断层带内构造角砾岩发育，断层两侧地层有明显挤压变形，对区域构造运动有重要指示意义。,1
11,华北平原岩层,116,39,面状,岩层,新生代,海相沉积岩层，岩性以砂岩和页岩为主,新街镇地区发育白垩纪逆冲断层，断层带内构造角砾岩发育，断层两侧地层有明显挤压变形，对区域构造运动有重要指示意义。,0
100,新西兰鲁阿佩胡火山口,175,-39,坑状,火山口,新生代,火山口保存完整，周围发育熔岩流,新西兰鲁阿佩胡火山口是新生代火山口，保存完整，周围发育熔岩流，是研究火山活动的重要地区。,1
148,印度洋海岭,70,-20,线状,海岭,新生代,海岭发育良好，火山活动频繁,新西兰鲁阿佩胡火山口是新生代火山口，保存完整，周围发育熔岩流，是研究火山活动的重要地区。,0
168,新西兰鲁阿佩胡熔岩流,175,-39,线状,熔岩流,新生代,熔岩流发育良好，流纹清晰,新西兰鲁阿佩胡熔岩流是新生代熔岩流，发育良好，流纹清晰，是研究火山活动的重要地区。,1
310,汾阳,111.89,37.78,不规则区域,断层,白垩纪,逆冲断层发育，断层带内构造角砾岩发育,新西兰鲁阿佩胡熔岩流是新生代熔岩流，发育良好，流纹清晰，是研究火山活动的重要地区。,0
135,美国蒙大拿州化石层,111,47,层状,化石层,白垩纪,化石层发育良好，保存大量古生物化石,新西兰鲁阿佩胡熔岩流是新生代熔岩流，发育良好，流纹清晰，是研究火山活动的重要地区。,0
498,新西兰熔岩流,175,-39,线状,熔岩流,新生代,熔岩流发育良好，流纹清晰,新西兰熔岩流是新生代熔岩流，发育良好，流纹清晰，是研究火山活动的重要地区。,1
328,星星峡,106.23,49.12,不规则区域,褶皱,二叠纪,发育多组褶皱构造，地层倾角变化大,星星峡地区发育二叠纪褶皱构造，地层倾角变化明显，褶皱核部可见多期变形叠加，是研究区域构造演化的重要地区。,1
260,赤布张错,101.23,30.98,不规则区域,岩体,白垩纪,花岗岩岩体，岩体呈穹状产出,星星峡地区发育二叠纪褶皱构造，地层倾角变化明显，褶皱核部可见多期变形叠加，是研究区域构造演化的重要地区。,0
389,兴隆沟,167.23,79.78,不规则区域,岩层,二叠纪,海相沉积岩层，岩性以灰岩和泥灰岩为主,兴隆沟地区发育二叠纪海相沉积岩层，岩性以灰岩和泥灰岩为主，局部可见珊瑚礁遗迹，是研究古海洋环境的重要地区。,1
364,大黑沟,142.12,67.12,不规则区域,褶皱,二叠纪,发育多组褶皱构造，地层倾角变化大,兴隆沟地区发育二叠纪海相沉积岩层，岩性以灰岩和泥灰岩为主，局部可见珊瑚礁遗迹，是研究古海洋环境的重要地区。,0
166,日本樱岛熔岩流,130,31,线状,熔岩流,新生代,熔岩流发育良好，流纹清晰,兴隆沟地区发育二叠纪海相沉积岩层，岩性以灰岩和泥灰岩为主，局部可见珊瑚礁遗迹，是研究古海洋环境的重要地区。,0
43,雅鲁藏布大峡谷,94,29,线状,峡谷,新生代,峡谷深切，发育多级阶地,雅鲁藏布大峡谷是新生代峡谷，深切明显，发育多级阶地，是研究河流地貌演化的重要地区。,1
20,五大连池玄武岩脉,126,48,线状,岩脉,新生代,玄武岩岩脉，岩脉呈脉状产出,雅鲁藏布江上游河谷是新生代河谷，深切明显，发育多级阶地，是研究河流地貌演化的重要地区。,0
442,雅鲁藏布江上游河谷,94,29,线状,河谷,新生代,河谷深切，发育多级阶地,雅鲁藏布江上游河谷是新生代河谷，深切明显，发育多级阶地，是研究河流地貌演化的重要地区。,1
444,金沙江上游河谷,102,27,线状,河谷,新生代,河谷深切，发育多级阶地,亚马逊地下水体是新生代地下水体，丰富且水质良好，是研究地下水循环的重要地区。,0
66,亚马逊地下水体,60,-3,面状,地下水体,新生代,地下水体丰富，水质良好,亚马逊地下水体是新生代地下水体，丰富且水质良好，是研究地下水循环的重要地区。,1
465,亚马逊地下水体,60,-3,面状,地下水体,新生代,地下水体丰富，水质良好,亚马逊地下水体是新生代地下水体，丰富且水质良好，是研究地下水循环的重要地区。,1
357,甘珠尔庙,135.45,63.78,不规则区域,岩层,二叠纪,海相沉积岩层，岩性以灰岩和泥灰岩为主,亚马逊河谷是新生代河谷，深切明显，发育多级阶地，是研究河流地貌演化的重要地区。,0
50,亚马逊河谷,60,-3,线状,河谷,新生代,河谷深切，发育多级阶地,亚马逊河谷是新生代河谷，深切明显，发育多级阶地，是研究河流地貌演化的重要地区。,1
126,青藏高原冰川遗迹,90,30,面状,冰川遗迹,新生代,冰川遗迹发育良好，冰川地貌丰富,亚马逊河三角洲是新生代三角洲，沉积物丰富，岩性以砂土和泥质为主，是研究沉积环境的重要地区。,0
107,亚马逊河三角洲,60,-3,三角洲状,三角洲,新生代,三角洲沉积物丰富，岩性以砂土和泥质为主,亚马逊河三角洲是新生代三角洲，沉积物丰富，岩性以砂土和泥质为主，是研究沉积环境的重要地区。,1
201,永修,115.48,28.85,不规则区域,褶皱,侏罗纪,发育多组褶皱构造，地层倾角变化大,亚马逊河上游河谷是新生代河谷，深切明显，发育多级阶地，是研究河流地貌演化的重要地区。,0
449,亚马逊河上游河谷,60,-3,线状,河谷,新生代,河谷深切，发育多级阶地,亚马逊河上游河谷是新生代河谷，深切明显，发育多级阶地，是研究河流地貌演化的重要地区。,1
116,亚马逊雨林泥质层,60,-3,面状,泥质,新生代,泥质层发育良好，土壤肥沃,亚马逊雨林泥质层是新生代泥质层，发育良好，土壤肥沃，是研究地表基质的重要地区。,1
156,亚洲湄公河三角洲,105,10,三角洲状,三角洲,新生代,三角洲沉积物丰富，岩性以砂土和泥质为主,亚洲湄公河三角洲是新生代三角洲，沉积物丰富，岩性以砂土和泥质为主，是研究沉积环境的重要地区。,1
321,烟墩,99.12,45.78,不规则区域,岩层,二叠纪,海相沉积岩层，岩性以灰岩和泥灰岩为主,烟墩地区发育二叠纪海相沉积岩层，岩性以灰岩和泥灰岩为主，局部可见珊瑚礁遗迹，是研究古海洋环境的重要地区。,1
315,哈密县,93.56,42.89,不规则区域,岩体,白垩纪,花岗岩岩体，岩体呈穹状产出,烟墩地区发育二叠纪海相沉积岩层，岩性以灰岩和泥灰岩为主，局部可见珊瑚礁遗迹，是研究古海洋环境的重要地区。,0
314,延安,110.34,36.56,不规则区域,断层,白垩纪,高角度正断层，断层带内发育构造角砾岩,延安地区发育高角度正断层，断层带内构造角砾岩发育，断层两侧地层有明显错动，对区域构造运动有重要指示意义。,1
42,黄河河谷,104,36,线状,河谷,新生代,河谷深切，发育多级阶地,延安地区发育高角度正断层，断层带内构造角砾岩发育，断层两侧地层有明显错动，对区域构造运动有重要指示意义。,0
92,长白山天池火山口,126,42,坑状,火山口,新生代,火山口保存完整，周围发育熔岩流,雁石坪地区发育三叠纪辉绿岩岩脉，岩脉呈脉状产出，与围岩接触带可见热变质现象，对区域岩浆活动有重要指示意义。,0
262,雁石坪,103.12,31.56,不规则区域,岩脉,三叠纪,辉绿岩岩脉，岩脉呈脉状产出,雁石坪地区发育三叠纪辉绿岩岩脉，岩脉呈脉状产出，与围岩接触带可见热变质现象，对区域岩浆活动有重要指示意义。,1
306,阳泉,113.45,38.12,不规则区域,断层,白垩纪,高角度正断层，断层带内发育构造角砾岩,阳泉地区发育高角度正断层，断层带内构造角砾岩发育，断层两侧地层有明显错动，对区域构造运动有重要指示意义。,1
393,腰小河林场,171.45,81.78,不规则区域,岩层,二叠纪,海相沉积岩层，岩性以灰岩和泥灰岩为主,腰小河林场地区发育二叠纪海相沉积岩层，岩性以灰岩和泥灰岩为主，局部可见珊瑚礁遗迹，是研究古海洋环境的重要地区。,1
55,基拉韦厄火山,155,19,盾状,火山,新生代,火山口保存完整，周围发育熔岩流,腰小河林场地区发育二叠纪海相沉积岩层，岩性以灰岩和泥灰岩为主，局部可见珊瑚礁遗迹，是研究古海洋环境的重要地区。,0
69,冰岛蓝湖温泉,22,64,点状,泉,新生代,泉水富含矿物质，泉眼发育良好,腰小河林场地区发育二叠纪海相沉积岩层，岩性以灰岩和泥灰岩为主，局部可见珊瑚礁遗迹，是研究古海洋环境的重要地区。,0
365,一二五公里,143.23,67.78,不规则区域,岩层,二叠纪,海相沉积岩层，岩性以灰岩和泥灰岩为主,一二五公里地区发育二叠纪海相沉积岩层，岩性以灰岩和泥灰岩为主，局部可见珊瑚礁遗迹，是研究古海洋环境的重要地区。,1
46,怒江峡谷,98,28,线状,峡谷,新生代,峡谷深切，发育多级阶地,一二五公里地区发育二叠纪海相沉积岩层，岩性以灰岩和泥灰岩为主，局部可见珊瑚礁遗迹，是研究古海洋环境的重要地区。,0
386,伊敏,164.23,78.12,不规则区域,断层,白垩纪,高角度正断层，断层带内发育构造角砾岩,伊敏地区发育高角度正断层，断层带内构造角砾岩发育，断层两侧地层有明显错动，对区域构造运动有重要指示意义。,1
269,佛坪,107.12,34.78,不规则区域,褶皱,二叠纪,复式褶皱发育，褶皱核部地层变形强烈,伊敏地区发育高角度正断层，断层带内构造角砾岩发育，断层两侧地层有明显错动，对区域构造运动有重要指示意义。,0
316,伊吾,94.12,43.23,不规则区域,褶皱,二叠纪,发育多组褶皱构造，地层倾角变化大,伊吾地区发育二叠纪褶皱构造，地层倾角变化明显，褶皱核部可见多期变形叠加，是研究区域构造演化的重要地区。,1
428,新疆铅锌矿床,87,44,块状,金属矿床,中生代,铅锌矿床，矿石以方铅矿和闪锌矿为主,伊吾地区发育二叠纪褶皱构造，地层倾角变化明显，褶皱核部可见多期变形叠加，是研究区域构造演化的重要地区。,0
163,意大利埃特纳熔岩流,15,37,线状,熔岩流,新生代,熔岩流发育良好，流纹清晰,意大利埃特纳熔岩流是新生代熔岩流，发育良好，流纹清晰，是研究火山活动的重要地区。,1
139,摩洛哥卡姆凯姆化石层,13,30,层状,化石层,白垩纪,化石层发育良好，保存大量古生物化石,意大利埃特纳熔岩流是新生代熔岩流，发育良好，流纹清晰，是研究火山活动的重要地区。,0
78,意大利庞贝火山泥石流,14,40,线状,泥石流,新生代,泥石流发育频繁，沟谷堆积物丰富,意大利庞贝火山泥石流是新生代泥石流，发育频繁，沟谷堆积物丰富，是研究地质灾害的重要地区。,1
477,意大利庞贝泥石流,14,40,线状,泥石流,新生代,泥石流发育频繁，沟谷堆积物丰富,意大利庞贝泥石流是新生代泥石流，发育频繁，沟谷堆积物丰富，是研究地质灾害的重要地区。,1
365,一二五公里,143.23,67.78,不规则区域,岩层,二叠纪,海相沉积岩层，岩性以灰岩和泥灰岩为主,意大利熔岩流是新生代熔岩流，发育良好，流纹清晰，是研究火山活动的重要地区。,0
225,巴音杭盖,115.98,40.12,不规则区域,岩体,白垩纪,花岗岩岩体，岩体呈穹状产出,意大利熔岩流是新生代熔岩流，发育良好，流纹清晰，是研究火山活动的重要地区。,0
493,意大利熔岩流,15,37,线状,熔岩流,新生代,熔岩流发育良好，流纹清晰,意大利熔岩流是新生代熔岩流，发育良好，流纹清晰，是研究火山活动的重要地区。,1
208,东乡,116.68,28.13,线状,断层,三叠纪,逆冲断层发育，断层带内构造角砾岩发育,意大利维苏威火山口是新生代火山口，保存完整，周围发育熔岩流，是研究火山活动的重要地区。,0
95,意大利维苏威火山口,14,40,坑状,火山口,新生代,火山口保存完整，周围发育熔岩流,意大利维苏威火山口是新生代火山口，保存完整，周围发育熔岩流，是研究火山活动的重要地区。,1
238,因格井,128.78,53.78,不规则区域,岩体,白垩纪,花岗岩岩体，岩体呈穹状产出,因格井地区发育白垩纪花岗岩岩体，岩体呈穹状产出，内部结构复杂，可见多期岩浆侵入的证据。,1
330,红柳园,108.12,50.12,不规则区域,断层,白垩纪,高角度正断层，断层带内发育构造角砾岩,因格井地区发育白垩纪花岗岩岩体，岩体呈穹状产出，内部结构复杂，可见多期岩浆侵入的证据。,0
235,银根,125.12,50.12,不规则区域,岩体,白垩纪,花岗岩岩体，岩体呈穹状产出,银根地区发育白垩纪花岗岩岩体，岩体呈穹状产出，内部结构复杂，可见多期岩浆侵入的证据。,1
277,松潘县,115.34,38.78,不规则区域,岩体,白垩纪,花岗岩岩体，岩体呈穹状产出,银根地区发育白垩纪花岗岩岩体，岩体呈穹状产出，内部结构复杂，可见多期岩浆侵入的证据。,0
253,错仁德加,94.78,33.98,不规则区域,褶皱,三叠纪,发育多组褶皱构造，地层倾角变化大,银根地区发育白垩纪花岗岩岩体，岩体呈穹状产出，内部结构复杂，可见多期岩浆侵入的证据。,0
481,云南天坑,102,25,坑状,天坑,新生代,天坑发育良好，坑壁陡峭,印度洛纳尔陨石坑是新生代陨石坑，保存完整，周围发育撞击构造，是研究陨石撞击的重要地区。,0
188,印度洛纳尔陨石坑,75,19,坑状,陨石坑,新生代,陨石坑保存完整，周围发育撞击构造,印度洛纳尔陨石坑是新生代陨石坑，保存完整，周围发育撞击构造，是研究陨石撞击的重要地区。,1
350,乌拉盖,128.23,60.12,不规则区域,断层,白垩纪,逆冲断层发育，断层带内构造角砾岩发育,印度尼西亚克拉卡托火山口是新生代火山口，保存完整，周围发育熔岩流，是研究火山活动的重要地区。,0
96,印度尼西亚克拉卡托火山口,105,-6,坑状,火山口,新生代,火山口保存完整，周围发育熔岩流,印度尼西亚克拉卡托火山口是新生代火山口，保存完整，周围发育熔岩流，是研究火山活动的重要地区。,1
97,菲律宾马荣火山口,123,13,坑状,火山口,新生代,火山口保存完整，周围发育熔岩流,印度尼西亚梅拉皮熔岩流是新生代熔岩流，发育良好，流纹清晰，是研究火山活动的重要地区。,0
245,沈家门,122.23,30.01,不规则区域,褶皱,侏罗纪,发育多组褶皱构造，地层倾角变化大,印度尼西亚梅拉皮熔岩流是新生代熔岩流，发育良好，流纹清晰，是研究火山活动的重要地区。,0
164,印度尼西亚梅拉皮熔岩流,110,-7,线状,熔岩流,新生代,熔岩流发育良好，流纹清晰,印度尼西亚梅拉皮熔岩流是新生代熔岩流，发育良好，流纹清晰，是研究火山活动的重要地区。,1
10,秦岭断裂带,109,34,线状,断裂带,新生代,逆冲断层发育，断层带内构造角砾岩丰富,印度尼西亚梅拉皮熔岩流是新生代熔岩流，发育良好，流纹清晰，是研究火山活动的重要地区。,0
494,印度尼西亚熔岩流,110,-7,线状,熔岩流,新生代,熔岩流发育良好，流纹清晰,印度尼西亚熔岩流是新生代熔岩流，发育良好，流纹清晰，是研究火山活动的重要地区。,1
86,墨西哥尤卡坦溶洞,89,21,洞穴状,溶洞,新生代,溶洞发育良好，钟乳石和石笋丰富,印度尼西亚熔岩流是新生代熔岩流，发育良好，流纹清晰，是研究火山活动的重要地区。,0
157,欧洲多瑙河三角洲,29,45,三角洲状,三角洲,新生代,三角洲沉积物丰富，岩性以砂土和泥质为主,印度尼西亚熔岩流是新生代熔岩流，发育良好，流纹清晰，是研究火山活动的重要地区。,0
124,南极洲威尔克斯地陨石坑,140,-65,坑状,陨石坑,古生代,陨石坑保存完整，周围发育撞击构造,印度洋海岭是新生代海岭，发育良好，火山活动频繁，是研究板块构造的重要地区。,0
413,鄂尔多斯盆地页岩层,109,38,面状,岩层,中生代,海相沉积岩层，岩性以页岩为主,印度洋海岭是新生代海岭，发育良好，火山活动频繁，是研究板块构造的重要地区。,0
148,印度洋海岭,70,-20,线状,海岭,新生代,海岭发育良好，火山活动频繁,印度洋海岭是新生代海岭，发育良好，火山活动频繁，是研究板块构造的重要地区。,1
79,印尼喀拉喀托火山海啸,105,-6,面状,火山海啸,新生代,火山活动频繁，海啸影响范围广,印尼喀拉喀托火山海啸是新生代火山海啸，火山活动频繁，海啸影响范围广，是研究地质灾害的重要地区。,1
478,印尼喀拉喀托泥石流,105,-6,线状,泥石流,新生代,泥石流发育频繁，沟谷堆积物丰富,印尼喀拉喀托泥石流是新生代泥石流，发育频繁，沟谷堆积物丰富，是研究地质灾害的重要地区。,1
471,云南泥石流,102,25,线状,泥石流,新生代,泥石流发育频繁，沟谷堆积物丰富,印尼喀拉喀托泥石流是新生代泥石流，发育频繁，沟谷堆积物丰富，是研究地质灾害的重要地区。,0
201,永修,115.48,28.85,不规则区域,褶皱,侏罗纪,发育多组褶皱构造，地层倾角变化大,永修地区发育典型的侏罗纪褶皱构造，地层倾角变化明显，褶皱核部可见多期变形叠加，是研究区域构造演化的重要地区。,1
329,方山口,107.45,49.78,不规则区域,岩层,二叠纪,海相沉积岩层，岩性以灰岩和泥灰岩为主,永修地区发育典型的侏罗纪褶皱构造，地层倾角变化明显，褶皱核部可见多期变形叠加，是研究区域构造演化的重要地区。,0
292,五寨,130.12,46.12,不规则区域,褶皱,二叠纪,发育多组褶皱构造，地层倾角变化大,盂县地区发育白垩纪花岗岩岩体，岩体呈穹状产出，内部结构复杂，可见多期岩浆侵入的证据，是研究区域岩浆活动的重要地区。,0
300,盂县,113.56,38.23,不规则区域,岩体,白垩纪,花岗岩岩体，岩体呈穹状产出,盂县地区发育白垩纪花岗岩岩体，岩体呈穹状产出，内部结构复杂，可见多期岩浆侵入的证据，是研究区域岩浆活动的重要地区。,1
400,阿尔金断裂带,95,39,线状,断裂带,新生代,逆冲断层发育，断层带内构造角砾岩丰富,盂县地区发育白垩纪花岗岩岩体，岩体呈穹状产出，内部结构复杂，可见多期岩浆侵入的证据，是研究区域岩浆活动的重要地区。,0
305,榆次,112.56,37.67,不规则区域,岩层,二叠纪,海相沉积岩层，岩性以灰岩和泥灰岩为主,榆次地区发育二叠纪海相沉积岩层，岩性以灰岩和泥灰岩为主，局部可见珊瑚礁遗迹，是研究古海洋环境的重要地区。,1
387,呼中区,165.45,78.78,不规则区域,岩体,白垩纪,花岗岩岩体，岩体呈穹状产出,榆林地区发育二叠纪复式褶皱，褶皱核部地层变形强烈，褶皱形态复杂，是研究区域构造演化的重要地区。,0
296,榆林,134.12,48.12,不规则区域,褶皱,二叠纪,复式褶皱发育，褶皱核部地层变形强烈,榆林地区发育二叠纪复式褶皱，褶皱核部地层变形强烈，褶皱形态复杂，是研究区域构造演化的重要地区。,1
332,玉门关,110.56,51.12,不规则区域,褶皱,二叠纪,发育多组褶皱构造，地层倾角变化大,玉门关地区发育二叠纪褶皱构造，地层倾角变化明显，褶皱核部可见多期变形叠加，是研究区域构造演化的重要地区。,1
159,南美亚马逊盆地,60,-3,盆地状,盆地,新生代,盆地沉积物丰富，岩性以砂岩和页岩为主,玉门关地区发育二叠纪褶皱构造，地层倾角变化明显，褶皱核部可见多期变形叠加，是研究区域构造演化的重要地区。,0
449,亚马逊河上游河谷,60,-3,线状,河谷,新生代,河谷深切，发育多级阶地,玉门关地区发育二叠纪褶皱构造，地层倾角变化明显，褶皱核部可见多期变形叠加，是研究区域构造演化的重要地区。,0
293,原平,131.23,46.78,不规则区域,岩层,二叠纪,海相沉积岩层，岩性以灰岩和泥灰岩为主,原平地区发育二叠纪海相沉积岩层，岩性以灰岩和泥灰岩为主，局部可见珊瑚礁遗迹，是研究古海洋环境的重要地区。,1
333,敦煌县,111.34,51.78,不规则区域,岩层,二叠纪,海相沉积岩层，岩性以灰岩和泥灰岩为主,原平地区发育二叠纪海相沉积岩层，岩性以灰岩和泥灰岩为主，局部可见珊瑚礁遗迹，是研究古海洋环境的重要地区。,0
486,越南天坑,107,20,坑状,天坑,新生代,天坑发育良好，坑壁陡峭,越南天坑是新生代天坑，发育良好，坑壁陡峭，是研究岩溶地貌的重要地区。,1
24,胶东金矿脉,120,37,线状,矿脉,中生代,金矿脉，矿石以石英脉型金矿为主,越南下龙湾溶洞是新生代溶洞，发育良好，钟乳石和石笋丰富，是研究岩溶地貌的重要地区。,0
467,华清池地下水体,109,34,点状,地下水体,新生代,地下水体丰富，水质良好,越南下龙湾溶洞是新生代溶洞，发育良好，钟乳石和石笋丰富，是研究岩溶地貌的重要地区。,0
88,越南下龙湾溶洞,107,20,洞穴状,溶洞,新生代,溶洞发育良好，钟乳石和石笋丰富,越南下龙湾溶洞是新生代溶洞，发育良好，钟乳石和石笋丰富，是研究岩溶地貌的重要地区。,1
131,云南澄江化石层,102,25,层状,化石层,寒武纪,化石层发育良好，保存大量古生物化石,云南澄江化石层是寒武纪化石层，发育良好，保存大量古生物化石，是研究生命演化的重要地区。,1
259,曲麻莱县旧址,100.12,31.56,不规则区域,断层,白垩纪,逆冲断层发育，断层带内构造角砾岩发育,云南澄江化石层是寒武纪化石层，发育良好，保存大量古生物化石，是研究生命演化的重要地区。,0
465,亚马逊地下水体,60,-3,面状,地下水体,新生代,地下水体丰富，水质良好,云南澄江化石层是寒武纪化石层，发育良好，保存大量古生物化石，是研究生命演化的重要地区。,0
25,云南磷矿床,102,25,块状,非金属矿床,古生代,磷矿床，矿石以磷块岩为主,云南磷矿床是古生代磷矿床，矿石以磷块岩为主，是中国重要的磷矿资源地。,1
72,云南泥石流沟,102,25,线状,泥石流,新生代,泥石流发育频繁，沟谷堆积物丰富,云南磷矿床是古生代磷矿床，矿石以磷块岩为主，是中国重要的磷矿资源地。,0
286,晋城,124.45,43.12,不规则区域,岩体,白垩纪,花岗岩岩体，岩体呈穹状产出,云南泥石流沟是新生代泥石流沟，发育频繁，沟谷堆积物丰富，是研究地质灾害的重要地区。,0
275,汉中,113.78,37.78,不规则区域,岩层,二叠纪,海相沉积岩层，岩性以灰岩和泥灰岩为主,云南泥石流沟是新生代泥石流沟，发育频繁，沟谷堆积物丰富，是研究地质灾害的重要地区。,0
72,云南泥石流沟,102,25,线状,泥石流,新生代,泥石流发育频繁，沟谷堆积物丰富,云南泥石流沟是新生代泥石流沟，发育频繁，沟谷堆积物丰富，是研究地质灾害的重要地区。,1
61,华北平原含水层,116,39,面状,含水层,新生代,含水层发育良好，地下水丰富,云南泥石流是新生代泥石流，发育频繁，沟谷堆积物丰富，是研究地质灾害的重要地区。,0
70,黄石公园温泉,110,44,点状,泉,新生代,泉水富含矿物质，泉眼发育良好,云南泥石流是新生代泥石流，发育频繁，沟谷堆积物丰富，是研究地质灾害的重要地区。,0
471,云南泥石流,102,25,线状,泥石流,新生代,泥石流发育频繁，沟谷堆积物丰富,云南泥石流是新生代泥石流，发育频繁，沟谷堆积物丰富，是研究地质灾害的重要地区。,1
56,埃特纳火山,15,37,盾状,火山,新生代,火山口保存完整，周围发育熔岩流,云南泥石流是新生代泥石流，发育频繁，沟谷堆积物丰富，是研究地质灾害的重要地区。,0
91,富士山火山口,138,35,坑状,火山口,新生代,火山口保存完整，周围发育熔岩流,云南石林是新生代石林，发育良好，形态多样，是研究岩溶地貌的重要地区。,0
83,云南石林,102,25,石林状,石林,新生代,石林发育良好，形态多样,云南石林是新生代石林，发育良好，形态多样，是研究岩溶地貌的重要地区。,1
481,云南天坑,102,25,坑状,天坑,新生代,天坑发育良好，坑壁陡峭,云南天坑是新生代天坑，发育良好，坑壁陡峭，是研究岩溶地貌的重要地区。,1
366,华安公社,144.45,68.12,不规则区域,断层,白垩纪,逆冲断层发育，断层带内构造角砾岩发育,云南银矿床是古生代银矿床，矿石以石英脉型银矿为主，是中国重要的银矿资源地。,0
470,舟曲泥石流,104,34,面状,泥石流,新生代,泥石流发育频繁，沟谷堆积物丰富,云南银矿床是古生代银矿床，矿石以石英脉型银矿为主，是中国重要的银矿资源地。,0
424,云南银矿床,102,25,块状,金属矿床,古生代,银矿床，矿石以石英脉型银矿为主,云南银矿床是古生代银矿床，矿石以石英脉型银矿为主，是中国重要的银矿资源地。,1
258,扎河,99.56,31.78,不规则区域,岩层,二叠纪,海相沉积岩层，岩性以灰岩和泥灰岩为主,扎河地区发育二叠纪海相沉积岩层，岩性以灰岩和泥灰岩为主，局部可见珊瑚礁遗迹，是研究古海洋环境的重要地区。,1
369,扎赉特旗,147.45,69.78,不规则区域,岩层,二叠纪,海相沉积岩层，岩性以灰岩和泥灰岩为主,扎赉特旗地区发育二叠纪海相沉积岩层，岩性以灰岩和泥灰岩为主，局部可见珊瑚礁遗迹，是研究古海洋环境的重要地区。,1
228,扎敏敖包,118.78,43.56,不规则区域,岩体,白垩纪,花岗岩岩体，岩体呈穹状产出,扎敏敖包地区发育白垩纪花岗岩岩体，岩体呈穹状产出，内部结构复杂，可见多期岩浆侵入的证据。,1
89,马来西亚姆鲁溶洞,114,4,洞穴状,溶洞,新生代,溶洞发育良好，钟乳石和石笋丰富,扎敏敖包地区发育白垩纪花岗岩岩体，岩体呈穹状产出，内部结构复杂，可见多期岩浆侵入的证据。,0
257,章岗日松,98.34,32.98,不规则区域,岩脉,三叠纪,辉绿岩岩脉，岩脉呈脉状产出,章岗日松地区发育三叠纪辉绿岩岩脉，岩脉呈脉状产出，与围岩接触带可见热变质现象，对区域岩浆活动有重要指示意义。,1
271,漳腊,109.56,35.78,不规则区域,岩层,二叠纪,海相沉积岩层，岩性以灰岩和泥灰岩为主,漳腊地区发育二叠纪海相沉积岩层，岩性以灰岩和泥灰岩为主，局部可见珊瑚礁遗迹，是研究古海洋环境的重要地区。,1
270,红原,108.34,35.12,不规则区域,岩脉,三叠纪,辉绿岩岩脉，岩脉呈脉状产出,漳腊地区发育二叠纪海相沉积岩层，岩性以灰岩和泥灰岩为主，局部可见珊瑚礁遗迹，是研究古海洋环境的重要地区。,0
319,大草滩,97.23,44.56,不规则区域,岩体,白垩纪,花岗岩岩体，岩体呈穹状产出,漳腊地区发育二叠纪海相沉积岩层，岩性以灰岩和泥灰岩为主，局部可见珊瑚礁遗迹，是研究古海洋环境的重要地区。,0
51,长白山火山,126,42,锥状,火山,新生代,火山口保存完整，周围发育熔岩流,长白山火山是新生代火山，火山口保存完整，周围发育熔岩流，是研究火山活动的重要地区。,1
490,长白山熔岩流,126,42,线状,熔岩流,新生代,熔岩流发育良好，流纹清晰,长白山熔岩流是新生代熔岩流，发育良好，流纹清晰，是研究火山活动的重要地区。,1
131,云南澄江化石层,102,25,层状,化石层,寒武纪,化石层发育良好，保存大量古生物化石,长白山熔岩流是新生代熔岩流，发育良好，流纹清晰，是研究火山活动的重要地区。,0
92,长白山天池火山口,126,42,坑状,火山口,新生代,火山口保存完整，周围发育熔岩流,长白山天池火山口是新生代火山口，保存完整，周围发育熔岩流，是研究火山活动的重要地区。,1
459,马荣天池火山,123,13,锥状,火山,新生代,火山口保存完整，周围发育熔岩流,长白山天池火山口是新生代火山口，保存完整，周围发育熔岩流，是研究火山活动的重要地区。,0
450,长白山天池火山,126,42,锥状,火山,新生代,火山口保存完整，周围发育熔岩流,长白山天池火山是新生代火山，火山口保存完整，周围发育熔岩流，是研究火山活动的重要地区。,1
41,长江河谷,113,30,线状,河谷,新生代,河谷深切，发育多级阶地,长江河谷是新生代河谷，深切明显，发育多级阶地，是研究河流地貌演化的重要地区。,1
263,索加,104.78,32.12,不规则区域,岩层,二叠纪,海相沉积岩层，岩性以灰岩和泥灰岩为主,长江河谷是新生代河谷，深切明显，发育多级阶地，是研究河流地貌演化的重要地区。,0
499,长江三角洲冲积扇,121,31,扇状,冲积扇,新生代,冲积扇沉积物丰富，岩性以砾石和砂土为主,长江三角洲冲积扇是新生代冲积扇，沉积物丰富，岩性以砾石和砂土为主，是研究沉积环境的重要地区。,1
491,夏威夷熔岩流,155,19,线状,熔岩流,新生代,熔岩流发育良好，流纹清晰,长江三角洲地下水体是新生代地下水体，丰富且水质良好，是研究地下水循环的重要地区。,0
64,长江三角洲地下水体,121,31,面状,地下水体,新生代,地下水体丰富，水质良好,长江三角洲地下水体是新生代地下水体，丰富且水质良好，是研究地下水循环的重要地区。,1
463,长江三角洲地下水体,121,31,面状,地下水体,新生代,地下水体丰富，水质良好,长江三角洲地下水体是新生代地下水体，丰富且水质良好，是研究地下水循环的重要地区。,1
165,菲律宾塔尔熔岩流,120,14,线状,熔岩流,新生代,熔岩流发育良好，流纹清晰,长江三角洲地下水体是新生代地下水体，丰富且水质良好，是研究地下水循环的重要地区。,0
34,喜马拉雅山脉,87,28,线状,山脉,新生代,山脉由花岗岩和变质岩组成，山体陡峭,长江三角洲地下水体是新生代地下水体，丰富且水质良好，是研究地下水循环的重要地区。,0
117,长江三角洲泥质层,121,31,面状,泥质,新生代,泥质层发育良好，土壤肥沃,长江三角洲泥质层是新生代泥质层，发育良好，土壤肥沃，是研究地表基质的重要地区。,1
212,红石山,118.56,30.12,不规则区域,岩层,侏罗纪,水平岩层发育，岩性以砂岩和页岩为主,长江三角洲泥质层是新生代泥质层，发育良好，土壤肥沃，是研究地表基质的重要地区。,0
48,珠江河谷,113,23,线状,河谷,新生代,河谷深切，发育多级阶地,长江三角洲泥质层是新生代泥质层，发育良好，土壤肥沃，是研究地表基质的重要地区。,0
468,冰岛蓝湖地下水体,22,64,点状,地下水体,新生代,地下水体丰富，水质良好,长江三角洲泥质层是新生代泥质层，发育良好，土壤肥沃，是研究地表基质的重要地区。,0
101,长江三角洲,121,31,三角洲状,三角洲,新生代,三角洲沉积物丰富，岩性以砂土和泥质为主,长江三角洲是新生代三角洲，沉积物丰富，岩性以砂土和泥质为主，是研究沉积环境的重要地区。,1
215,嘎顺淖尔,110.56,39.12,不规则区域,盆地,白垩纪,盆地沉积物丰富，岩性以砂岩和泥岩为主,长江上游河谷是新生代河谷，深切明显，发育多级阶地，是研究河流地貌演化的重要地区。,0
440,长江上游河谷,103,30,线状,河谷,新生代,河谷深切，发育多级阶地,长江上游河谷是新生代河谷，深切明显，发育多级阶地，是研究河流地貌演化的重要地区。,1
66,亚马逊地下水体,60,-3,面状,地下水体,新生代,地下水体丰富，水质良好,长江上游河谷是新生代河谷，深切明显，发育多级阶地，是研究河流地貌演化的重要地区。,0
281,镇巴,119.23,40.78,不规则区域,断层,白垩纪,逆冲断层发育，断层带内构造角砾岩发育,镇巴地区发育白垩纪逆冲断层，断层带内构造角砾岩发育，断层两侧地层有明显挤压变形，对区域构造运动有重要指示意义。,1
307,志丹,109.23,36.89,不规则区域,岩体,白垩纪,花岗岩岩体，岩体呈穹状产出,志丹地区发育白垩纪花岗岩岩体，岩体呈穹状产出，内部结构复杂，可见多期岩浆侵入的证据。,1
264,治多幅,105.34,33.78,不规则区域,断层,白垩纪,高角度正断层，断层带内发育构造角砾岩,治多幅地区发育高角度正断层，断层带内构造角砾岩发育，断层两侧地层有明显错动，对区域构造运动有重要指示意义。,1
140,中国辽宁热河化石层,121,41,层状,化石层,白垩纪,化石层发育良好，保存大量古生物化石,中国辽宁热河化石层是白垩纪化石层，发育良好，保存大量古生物化石，是研究生命演化的重要地区。,1
377,少尔包格诺尔,155.23,73.78,不规则区域,岩层,二叠纪,海相沉积岩层，岩性以灰岩和泥灰岩为主,中国辽宁热河生物群是白垩纪化石层，发育良好，保存大量古生物化石，是研究生命演化的重要地区。,0
194,中国辽宁热河生物群,121,41,层状,化石层,白垩纪,化石层发育良好，保存大量古生物化石,中国辽宁热河生物群是白垩纪化石层，发育良好，保存大量古生物化石，是研究生命演化的重要地区。,1
464,塔里木盆地地下水体,82,40,面状,地下水体,古生代,地下水体丰富，水质良好,中国辽宁热河生物群是白垩纪化石层，发育良好，保存大量古生物化石，是研究生命演化的重要地区。,0
368,索伦军马场,146.23,69.12,不规则区域,褶皱,二叠纪,发育多组褶皱构造，地层倾角变化大,重庆天坑是新生代天坑，发育良好，坑壁陡峭，是研究岩溶地貌的重要地区。,0
482,重庆天坑,107,29,坑状,天坑,新生代,天坑发育良好，坑壁陡峭,重庆天坑是新生代天坑，发育良好，坑壁陡峭，是研究岩溶地貌的重要地区。,1
251,可可西里湖,92.56,34.78,不规则区域,盆地,白垩纪,盆地沉积物丰富，岩性以砂岩和泥岩为主,重庆天坑是新生代天坑，发育良好，坑壁陡峭，是研究岩溶地貌的重要地区。,0
76,海地地震断裂带,72,19,线状,地震断裂,新生代,断裂带发育良好，地震活动频繁,重庆天坑是新生代天坑，发育良好，坑壁陡峭，是研究岩溶地貌的重要地区。,0
6,圣安德烈亚斯断层,122,37,线状,断层,新生代,右旋走滑断层，断层带内发育大量构造岩,重庆武隆喀斯特是新生代喀斯特地貌，发育良好，溶洞和天坑丰富，是研究岩溶地貌的重要地区。,0
487,马来西亚天坑,114,4,坑状,天坑,新生代,天坑发育良好，坑壁陡峭,重庆武隆喀斯特是新生代喀斯特地貌，发育良好，溶洞和天坑丰富，是研究岩溶地貌的重要地区。,0
84,重庆武隆喀斯特,107,29,喀斯特地貌,喀斯特,新生代,喀斯特地貌发育良好，溶洞和天坑丰富,重庆武隆喀斯特是新生代喀斯特地貌，发育良好，溶洞和天坑丰富，是研究岩溶地貌的重要地区。,1
110,喜马拉雅山冲积扇,87,28,扇状,冲积扇,新生代,冲积扇沉积物丰富，岩性以砾石和砂土为主,重庆武隆喀斯特是新生代喀斯特地貌，发育良好，溶洞和天坑丰富，是研究岩溶地貌的重要地区。,0
94,冰岛埃亚菲亚德拉火山口,19,63,坑状,火山口,新生代,火山口保存完整，周围发育熔岩流,重庆武隆喀斯特是新生代喀斯特地貌，发育良好，溶洞和天坑丰富，是研究岩溶地貌的重要地区。,0
288,彬县,126.12,44.12,不规则区域,岩脉,三叠纪,辉绿岩岩脉，岩脉呈脉状产出,舟曲滑坡是新生代滑坡，滑坡体发育良好，滑动面明显，是研究地质灾害的重要地区。,0
71,舟曲滑坡,104,34,面状,滑坡,新生代,滑坡体发育良好，滑动面明显,舟曲滑坡是新生代滑坡，滑坡体发育良好，滑动面明显，是研究地质灾害的重要地区。,1
412,塔里木盆地砾岩层,82,40,面状,岩层,古生代,海相沉积岩层，岩性以砾岩为主,舟曲滑坡是新生代滑坡，滑坡体发育良好，滑动面明显，是研究地质灾害的重要地区。,0
75,唐山地震断裂带,118,39,线状,地震断裂,新生代,断裂带发育良好，地震活动频繁,舟曲泥石流是新生代泥石流，发育频繁，沟谷堆积物丰富，是研究地质灾害的重要地区。,0
470,舟曲泥石流,104,34,面状,泥石流,新生代,泥石流发育频繁，沟谷堆积物丰富,舟曲泥石流是新生代泥石流，发育频繁，沟谷堆积物丰富，是研究地质灾害的重要地区。,1
48,珠江河谷,113,23,线状,河谷,新生代,河谷深切，发育多级阶地,珠江河谷是新生代河谷，深切明显，发育多级阶地，是研究河流地貌演化的重要地区。,1
103,珠江三角洲,113,23,三角洲状,三角洲,新生代,三角洲沉积物丰富，岩性以砂土和泥质为主,珠江三角洲是新生代三角洲，沉积物丰富，岩性以砂土和泥质为主，是研究沉积环境的重要地区。,1
140,中国辽宁热河化石层,121,41,层状,化石层,白垩纪,化石层发育良好，保存大量古生物化石,珠江上游河谷是新生代河谷，深切明显，发育多级阶地，是研究河流地貌演化的重要地区。,0
447,珠江上游河谷,113,23,线状,河谷,新生代,河谷深切，发育多级阶地,珠江上游河谷是新生代河谷，深切明显，发育多级阶地，是研究河流地貌演化的重要地区。,1
176,安第斯山冰川,70,-25,线状,冰川,新生代,冰川发育良好，冰川地貌丰富,珠江上游河谷是新生代河谷，深切明显，发育多级阶地，是研究河流地貌演化的重要地区。,0
438,准噶尔盆地沙漠,85,45,面状,沙漠,新生代,沙漠发育良好，沙丘形态多样,准噶尔盆地沙漠是新生代沙漠，发育良好，沙丘形态多样，是研究沙漠环境的重要地区。,1
391,富饶公社,169.12,80.78,不规则区域,岩体,白垩纪,花岗岩岩体，岩体呈穹状产出,准噶尔盆地是古生代盆地，沉积物丰富，岩性以砂岩和泥岩为主，是研究古环境的重要地区。,0
39,准噶尔盆地,85,45,面状,盆地,古生代,盆地沉积物丰富，岩性以砂岩和泥岩为主,准噶尔盆地是古生代盆地，沉积物丰富，岩性以砂岩和泥岩为主，是研究古环境的重要地区。,1
197,巴西桑塔纳化石群,45,-8,层状,化石层,白垩纪,化石层发育良好，保存大量古生物化石,准噶尔盆地是古生代盆地，沉积物丰富，岩性以砂岩和泥岩为主，是研究古环境的重要地区。,0
308,子长,110.56,37.12,不规则区域,褶皱,二叠纪,发育多组褶皱构造，地层倾角变化大,子长地区发育二叠纪褶皱构造，地层倾角变化明显，褶皱核部可见多期变形叠加，是研究区域构造演化的重要地区。,1
312,左权,113.23,38.12,不规则区域,褶皱,二叠纪,发育多组褶皱构造，地层倾角变化大,左权地区发育二叠纪褶皱构造，地层倾角变化明显，褶皱核部可见多期变形叠加，是研究区域构造演化的重要地区。,1
186,墨西哥奇克苏鲁布陨石坑,89,21,坑状,陨石坑,新生代,陨石坑保存完整，周围发育撞击构造,左权地区发育二叠纪褶皱构造，地层倾角变化明显，褶皱核部可见多期变形叠加，是研究区域构造演化的重要地区。,0
